year,era,wealth,happiness
1980,1980s,75.4,5.63
1980,1980s,27.5,4.0
1980,1980s,105.3,6.34
1980,1980s,121.5,7.32
1980,1980s,13.9,3.42
1980,1980s,22.6,3.32
1980,1980s,66.0,5.15
1980,1980s,47.3,4.75
1980,1980s,59.2,4.74
1980,1980s,31.6,4.3
1980,1980s,116.0,6.57
1980,1980s,107.5,6.38
1980,1980s,63.0,5.4
1980,1980s,139.7,7.41
1980,1980s,85.2,5.86
1980,1980s,31.5,3.85
1980,1980s,79.1,6.17
1980,1980s,29.2,4.11
1980,1980s,116.0,6.33
1980,1980s,57.8,4.99
1980,1980s,52.2,4.85
1980,1980s,36.0,4.23
1980,1980s,150.1,6.46
1980,1980s,53.4,4.29
1980,1980s,43.5,4.12
1980,1980s,46.1,4.2
1980,1980s,89.4,5.68
1980,1980s,78.9,5.86
1980,1980s,81.8,5.65
1980,1980s,82.9,5.81
1980,1980s,299.0,7.39
1980,1980s,44.2,4.3
1980,1980s,40.9,4.53
1980,1980s,32.6,4.15
1980,1980s,95.2,5.78
1980,1980s,139.9,6.87
1980,1980s,55.1,5.66
1980,1980s,32.0,3.9
1980,1980s,32.3,3.69
1980,1980s,97.7,6.03
1980,1980s,104.8,6.27
1980,1980s,90.2,5.87
1980,1980s,36.4,4.11
1980,1980s,71.4,4.92
1980,1980s,65.5,4.9
1980,1980s,70.7,5.35
1980,1980s,115.3,6.37
1980,1980s,71.0,5.21
1980,1980s,99.8,6.07
1980,1980s,63.1,5.19
1980,1980s,74.5,5.83
1980,1980s,96.3,6.03
1980,1980s,20.1,3.43
1980,1980s,47.2,4.4
1980,1980s,42.2,4.58
1980,1980s,37.2,4.29
1980,1980s,48.8,4.95
1980,1980s,184.1,7.53
1980,1980s,31.3,4.09
1980,1980s,124.0,6.54
1980,1980s,17.0,3.2
1980,1980s,46.7,4.94
1980,1980s,67.8,5.09
1980,1980s,93.1,5.77
1980,1980s,102.3,6.25
1980,1980s,108.8,6.46
1980,1980s,46.2,4.26
1980,1980s,42.4,4.36
1980,1980s,114.2,6.38
1980,1980s,52.0,4.0
1980,1980s,23.0,3.37
1980,1980s,25.6,3.54
1980,1980s,30.1,3.76
1980,1980s,87.1,6.34
1980,1980s,66.8,4.86
1980,1980s,100.7,5.86
1980,1980s,43.5,3.52
1980,1980s,67.6,5.14
1980,1980s,95.9,5.91
1980,1980s,47.6,4.42
1980,1980s,84.5,6.17
1980,1980s,36.5,4.43
1980,1980s,45.7,4.55
1980,1980s,45.1,4.37
1980,1980s,24.5,3.89
1980,1980s,86.5,5.82
1980,1980s,42.2,4.09
1980,1980s,60.6,4.48
1980,1980s,86.0,5.67
1980,1980s,83.9,6.03
1980,1980s,98.8,6.91
1980,1980s,55.7,4.93
1980,1980s,43.7,4.17
1980,1980s,56.5,4.52
1980,1980s,16.9,3.3
1980,1980s,20.3,2.68
1980,1980s,22.2,3.6
1980,1980s,28.4,4.02
1980,1980s,81.0,5.84
1980,1980s,30.4,3.76
1980,1980s,45.2,4.7
1980,1980s,159.0,7.1
1980,1980s,45.9,4.26
1980,1980s,104.3,6.87
1980,1980s,29.8,3.68
1980,1980s,51.4,5.02
1980,1980s,29.4,2.94
1980,1980s,46.5,5.0
1980,1980s,112.7,6.9
1980,1980s,16.4,3.09
1980,1980s,83.1,5.94
1980,1980s,71.7,5.63
1980,1980s,38.4,3.99
1980,1980s,20.3,3.49
1980,1980s,63.3,4.89
1980,1980s,40.3,4.08
1980,1980s,71.4,5.82
1980,1980s,61.0,5.44
1980,1980s,199.5,7.15
1980,1980s,50.1,4.44
1980,1980s,27.8,3.48
1980,1980s,68.6,5.6
1980,1980s,70.8,5.06
1980,1980s,166.3,7.24
1980,1980s,112.2,6.64
1980,1980s,78.4,5.59
1980,1980s,179.8,7.6
1980,1980s,24.6,3.43
1980,1980s,37.1,4.08
1980,1980s,29.9,3.47
1980,1980s,44.8,4.84
1980,1980s,21.4,3.09
1980,1980s,96.6,6.19
1980,1980s,50.8,4.7
1980,1980s,19.9,2.91
1980,1980s,28.0,3.5
1980,1980s,75.9,6.04
1980,1980s,112.5,6.45
1980,1980s,268.2,7.38
1980,1980s,533.7,8.11
1980,1980s,81.9,5.66
1980,1980s,28.6,4.95
1980,1980s,12.1,2.92
1980,1980s,73.3,5.35
1980,1980s,32.6,4.44
1980,1980s,43.9,3.81
1980,1980s,37.9,4.22
1980,1980s,54.0,5.54
1980,1980s,133.5,6.68
1980,1980s,67.5,4.7
1980,1980s,53.3,4.68
1980,1980s,27.6,4.2
1980,1980s,17.1,3.25
1980,1980s,41.7,4.06
1980,1980s,57.6,4.74
1980,1980s,225.9,7.36
1980,1980s,66.2,5.39
1980,1980s,125.4,7.07
1980,1980s,41.3,4.71
1980,1980s,24.7,3.7
1980,1980s,29.1,3.3
1980,1980s,34.8,3.58
1980,1980s,296.1,8.0
1980,1980s,32.4,3.46
1980,1980s,112.5,6.3
1980,1980s,30.5,3.94
1980,1980s,120.7,6.12
1980,1980s,80.1,5.31
1980,1980s,53.3,4.79
1980,1980s,58.2,5.17
1980,1980s,36.7,4.51
1980,1980s,83.8,5.98
1980,1980s,42.7,4.42
1980,1980s,23.9,3.24
1980,1980s,23.0,3.07
1980,1980s,68.3,5.15
1980,1980s,196.1,7.52
1980,1980s,67.6,5.43
1980,1980s,54.9,4.14
1980,1980s,74.3,5.24
1980,1980s,159.8,7.47
1980,1980s,70.7,5.43
1980,1980s,44.1,3.96
1980,1980s,137.6,7.6
1980,1980s,82.8,5.73
1980,1980s,189.8,7.46
1980,1980s,68.8,5.49
1980,1980s,24.0,3.37
1980,1980s,21.5,3.11
1980,1980s,207.0,8.19
1980,1980s,218.6,7.87
1980,1980s,52.4,5.08
1980,1980s,45.0,4.7
1980,1980s,179.5,6.89
1980,1980s,26.2,4.06
1980,1980s,30.7,3.55
1980,1980s,97.2,6.18
1980,1980s,44.6,3.91
1980,1980s,59.8,4.34
1980,1980s,53.1,4.92
1981,1980s,77.3,5.31
1981,1980s,172.4,6.48
1981,1980s,64.2,5.39
1981,1980s,97.3,6.82
1981,1980s,12.9,3.35
1981,1980s,57.8,4.9
1981,1980s,31.9,3.91
1981,1980s,24.1,3.82
1981,1980s,31.1,4.26
1981,1980s,46.7,4.44
1981,1980s,119.3,6.51
1981,1980s,22.2,3.51
1981,1980s,61.4,5.3
1981,1980s,41.7,4.31
1981,1980s,46.9,4.53
1981,1980s,127.3,7.11
1981,1980s,89.8,6.34
1981,1980s,163.6,7.26
1981,1980s,53.4,5.43
1981,1980s,35.6,3.95
1981,1980s,50.7,5.29
1981,1980s,72.0,5.63
1981,1980s,68.5,6.48
1981,1980s,26.6,3.22
1981,1980s,64.2,4.96
1981,1980s,71.2,5.56
1981,1980s,396.4,8.09
1981,1980s,245.2,8.33
1981,1980s,31.6,3.66
1981,1980s,48.4,4.95
1981,1980s,20.0,3.69
1981,1980s,38.5,4.46
1981,1980s,76.0,5.22
1981,1980s,148.2,7.41
1981,1980s,34.7,4.47
1981,1980s,36.7,4.35
1981,1980s,12.0,2.88
1981,1980s,53.1,4.89
1981,1980s,27.0,3.64
1981,1980s,40.3,4.52
1981,1980s,31.1,3.88
1981,1980s,55.9,4.62
1981,1980s,16.1,2.69
1981,1980s,20.0,3.02
1981,1980s,296.3,7.89
1981,1980s,22.8,3.43
1981,1980s,26.4,3.7
1981,1980s,237.9,7.79
1981,1980s,530.1,7.79
1981,1980s,24.9,4.07
1981,1980s,45.5,4.42
1981,1980s,77.5,5.45
1981,1980s,219.4,7.69
1981,1980s,28.6,3.1
1981,1980s,49.9,4.42
1981,1980s,107.5,6.63
1981,1980s,83.1,5.14
1981,1980s,45.3,4.9
1981,1980s,54.3,5.39
1981,1980s,21.4,3.23
1981,1980s,50.2,4.8
1981,1980s,49.1,5.05
1981,1980s,71.4,5.26
1981,1980s,39.6,4.57
1981,1980s,85.5,5.57
1981,1980s,128.2,6.47
1981,1980s,67.4,5.02
1981,1980s,78.1,5.74
1981,1980s,62.4,5.55
1981,1980s,60.0,5.0
1981,1980s,34.9,3.61
1981,1980s,76.1,5.18
1981,1980s,55.8,5.05
1981,1980s,288.4,8.43
1981,1980s,195.3,7.5
1981,1980s,80.1,5.53
1981,1980s,33.9,4.27
1981,1980s,26.1,3.53
1981,1980s,146.6,6.76
1981,1980s,73.1,5.14
1981,1980s,86.0,6.31
1981,1980s,16.2,2.18
1981,1980s,120.3,6.79
1981,1980s,84.4,5.62
1981,1980s,26.1,3.47
1981,1980s,42.1,4.97
1981,1980s,73.1,5.22
1981,1980s,62.4,4.9
1981,1980s,48.2,4.58
1981,1980s,55.5,5.05
1981,1980s,49.7,4.53
1981,1980s,67.3,4.75
1981,1980s,180.9,6.95
1981,1980s,8.8,3.05
1981,1980s,50.2,4.73
1981,1980s,68.5,5.49
1981,1980s,74.9,5.43
1981,1980s,45.4,4.28
1981,1980s,16.1,3.64
1981,1980s,76.7,5.51
1981,1980s,219.2,7.36
1981,1980s,19.0,3.61
1981,1980s,114.7,6.16
1981,1980s,46.9,4.36
1981,1980s,57.3,4.97
1981,1980s,27.2,3.67
1981,1980s,46.7,4.66
1981,1980s,159.1,7.77
1981,1980s,92.9,6.1
1981,1980s,220.0,6.69
1981,1980s,145.1,6.99
1981,1980s,83.4,5.77
1981,1980s,221.9,7.55
1981,1980s,83.4,5.84
1981,1980s,111.6,6.35
1981,1980s,48.0,4.6
1981,1980s,63.1,5.38
1981,1980s,35.6,3.89
1981,1980s,126.0,6.28
1981,1980s,24.8,4.6
1981,1980s,107.9,6.04
1981,1980s,52.0,4.81
1981,1980s,144.4,6.35
1981,1980s,105.4,6.29
1981,1980s,235.1,7.27
1981,1980s,103.8,6.06
1981,1980s,18.5,3.56
1981,1980s,57.1,5.12
1981,1980s,24.9,3.75
1981,1980s,40.7,3.69
1981,1980s,186.4,7.94
1981,1980s,96.8,5.65
1981,1980s,35.5,4.61
1981,1980s,28.1,4.07
1981,1980s,61.5,5.31
1981,1980s,24.1,3.21
1981,1980s,36.3,4.17
1981,1980s,75.8,5.39
1981,1980s,142.7,6.86
1981,1980s,94.7,5.94
1981,1980s,10.8,2.02
1981,1980s,75.4,5.93
1981,1980s,63.3,5.14
1981,1980s,81.8,5.55
1981,1980s,201.6,7.22
1981,1980s,12.8,2.98
1981,1980s,38.5,3.9
1981,1980s,93.5,5.21
1981,1980s,18.3,3.33
1981,1980s,181.5,7.44
1981,1980s,79.1,5.57
1981,1980s,113.2,5.99
1981,1980s,39.1,4.27
1981,1980s,110.5,5.83
1981,1980s,133.7,6.36
1981,1980s,71.5,5.16
1981,1980s,71.5,5.72
1981,1980s,73.5,5.36
1981,1980s,31.4,3.73
1981,1980s,53.7,5.52
1981,1980s,53.5,4.95
1981,1980s,80.0,5.78
1981,1980s,127.0,6.49
1981,1980s,27.1,3.46
1981,1980s,54.6,4.1
1981,1980s,182.3,7.6
1981,1980s,34.4,4.18
1981,1980s,32.4,3.87
1981,1980s,69.8,5.33
1981,1980s,113.0,6.65
1981,1980s,60.5,4.53
1981,1980s,162.6,6.87
1981,1980s,114.1,6.01
1981,1980s,112.8,7.0
1981,1980s,90.9,6.24
1981,1980s,343.8,7.13
1981,1980s,51.4,4.22
1981,1980s,13.4,2.85
1981,1980s,199.8,7.23
1981,1980s,42.6,3.93
1981,1980s,65.1,5.91
1981,1980s,160.2,7.16
1981,1980s,18.0,3.34
1981,1980s,23.5,3.23
1981,1980s,18.1,3.42
1981,1980s,33.1,3.83
1981,1980s,83.4,5.66
1981,1980s,88.9,6.1
1981,1980s,73.8,4.92
1981,1980s,20.8,3.89
1981,1980s,10.6,2.78
1981,1980s,62.5,5.59
1981,1980s,42.1,4.0
1981,1980s,84.7,5.46
1981,1980s,101.6,5.76
1981,1980s,66.6,5.36
1981,1980s,106.1,6.28
1981,1980s,71.3,5.26
1981,1980s,89.3,5.55
1981,1980s,35.4,3.63
1982,1980s,52.4,4.77
1982,1980s,69.5,5.21
1982,1980s,111.0,6.11
1982,1980s,44.7,5.02
1982,1980s,88.7,5.86
1982,1980s,49.2,5.11
1982,1980s,54.9,4.69
1982,1980s,111.8,6.45
1982,1980s,13.5,2.88
1982,1980s,22.7,2.84
1982,1980s,19.7,3.77
1982,1980s,10.4,2.66
1982,1980s,36.1,4.37
1982,1980s,105.3,5.98
1982,1980s,48.5,4.58
1982,1980s,69.6,5.07
1982,1980s,135.8,7.19
1982,1980s,162.4,7.19
1982,1980s,57.0,5.08
1982,1980s,165.6,7.59
1982,1980s,64.3,5.61
1982,1980s,32.0,4.18
1982,1980s,38.4,3.71
1982,1980s,19.8,3.03
1982,1980s,30.8,3.5
1982,1980s,45.9,4.79
1982,1980s,109.6,6.39
1982,1980s,218.1,7.03
1982,1980s,21.3,3.29
1982,1980s,80.6,5.16
1982,1980s,27.5,3.67
1982,1980s,85.7,5.23
1982,1980s,54.4,5.05
1982,1980s,15.2,3.14
1982,1980s,120.4,7.18
1982,1980s,38.1,4.49
1982,1980s,40.2,4.14
1982,1980s,26.9,3.94
1982,1980s,36.7,3.65
1982,1980s,82.7,5.4
1982,1980s,52.1,4.89
1982,1980s,76.8,4.82
1982,1980s,78.7,5.62
1982,1980s,161.6,6.71
1982,1980s,46.4,4.59
1982,1980s,19.8,2.9
1982,1980s,133.6,6.87
1982,1980s,46.8,4.58
1982,1980s,138.4,7.28
1982,1980s,80.0,5.67
1982,1980s,54.4,4.59
1982,1980s,77.9,5.52
1982,1980s,259.2,7.23
1982,1980s,284.9,7.92
1982,1980s,63.2,5.37
1982,1980s,67.7,6.17
1982,1980s,134.5,6.52
1982,1980s,31.8,3.81
1982,1980s,77.0,5.38
1982,1980s,58.8,5.09
1982,1980s,75.9,5.69
1982,1980s,32.1,3.9
1982,1980s,18.2,3.56
1982,1980s,12.7,2.63
1982,1980s,26.0,3.95
1982,1980s,42.5,4.58
1982,1980s,48.2,4.62
1982,1980s,256.5,7.58
1982,1980s,137.5,7.63
1982,1980s,29.2,3.49
1982,1980s,77.9,5.71
1982,1980s,44.2,4.2
1982,1980s,48.5,5.26
1982,1980s,68.9,5.66
1982,1980s,95.5,5.8
1982,1980s,46.5,4.74
1982,1980s,133.3,6.81
1982,1980s,25.5,3.4
1982,1980s,60.3,5.34
1982,1980s,421.0,8.11
1982,1980s,70.9,5.49
1982,1980s,175.8,7.19
1982,1980s,64.3,5.35
1982,1980s,92.8,6.06
1982,1980s,57.5,4.99
1982,1980s,52.8,4.58
1982,1980s,33.4,4.57
1982,1980s,82.9,5.37
1982,1980s,31.7,4.05
1982,1980s,98.8,6.0
1982,1980s,135.4,7.36
1982,1980s,79.0,5.32
1982,1980s,48.4,4.38
1982,1980s,84.3,5.44
1982,1980s,47.6,4.71
1982,1980s,121.0,6.05
1982,1980s,15.2,2.84
1982,1980s,46.6,3.81
1982,1980s,13.5,2.98
1982,1980s,19.6,3.08
1982,1980s,166.9,6.6
1982,1980s,117.4,6.84
1982,1980s,35.0,3.6
1982,1980s,19.4,3.53
1982,1980s,6.5,2.21
1982,1980s,39.9,4.84
1982,1980s,368.6,8.19
1982,1980s,83.1,5.4
1982,1980s,39.4,3.94
1982,1980s,85.0,6.01
1982,1980s,18.6,3.11
1982,1980s,48.0,4.56
1982,1980s,64.6,5.66
1982,1980s,56.2,4.67
1982,1980s,108.6,6.34
1982,1980s,77.7,5.94
1982,1980s,99.0,6.4
1982,1980s,35.8,4.04
1982,1980s,117.6,6.37
1982,1980s,203.6,6.82
1982,1980s,29.0,3.39
1982,1980s,30.8,3.97
1982,1980s,163.4,7.04
1982,1980s,52.0,4.8
1982,1980s,172.0,7.54
1982,1980s,43.1,4.0
1982,1980s,178.7,7.15
1982,1980s,66.2,5.33
1982,1980s,72.8,5.22
1982,1980s,194.0,7.86
1982,1980s,45.7,4.84
1982,1980s,29.6,3.9
1982,1980s,42.9,5.03
1982,1980s,84.2,5.25
1982,1980s,18.5,3.2
1982,1980s,96.8,6.2
1982,1980s,40.1,3.96
1982,1980s,141.9,6.94
1982,1980s,10.0,2.29
1982,1980s,33.3,4.21
1982,1980s,16.9,3.48
1982,1980s,32.3,4.02
1982,1980s,72.2,4.8
1982,1980s,52.5,4.45
1982,1980s,49.6,4.88
1982,1980s,53.2,4.83
1982,1980s,69.9,4.44
1982,1980s,28.2,4.16
1982,1980s,101.9,6.23
1982,1980s,98.6,5.82
1982,1980s,80.1,6.02
1982,1980s,91.1,5.71
1982,1980s,74.9,5.29
1982,1980s,276.1,7.88
1982,1980s,56.2,5.55
1982,1980s,47.7,5.17
1982,1980s,34.1,4.14
1982,1980s,27.7,3.86
1982,1980s,23.6,3.76
1982,1980s,30.8,3.41
1982,1980s,56.9,5.18
1982,1980s,77.1,5.33
1982,1980s,62.3,5.25
1982,1980s,33.8,3.92
1982,1980s,117.9,6.65
1982,1980s,104.5,6.27
1982,1980s,53.2,3.74
1982,1980s,36.8,4.2
1982,1980s,90.5,6.15
1982,1980s,69.1,5.51
1982,1980s,20.3,3.26
1982,1980s,57.0,5.53
1982,1980s,73.0,5.58
1982,1980s,30.6,3.99
1982,1980s,69.2,5.72
1982,1980s,20.2,3.42
1982,1980s,163.4,6.77
1982,1980s,153.0,6.12
1982,1980s,49.6,4.51
1982,1980s,78.8,5.9
1982,1980s,9.8,2.55
1982,1980s,25.2,3.85
1982,1980s,48.1,4.67
1982,1980s,26.8,4.1
1982,1980s,102.5,6.09
1982,1980s,268.4,7.89
1982,1980s,24.8,3.72
1982,1980s,32.0,4.44
1982,1980s,71.6,4.83
1982,1980s,200.9,7.25
1982,1980s,24.0,3.8
1982,1980s,72.3,5.99
1982,1980s,235.2,7.69
1982,1980s,17.4,3.03
1982,1980s,23.0,3.71
1982,1980s,43.7,4.74
1982,1980s,40.6,4.18
1982,1980s,110.4,6.46
1982,1980s,71.9,5.85
1982,1980s,15.8,3.7
1983,1980s,88.3,6.14
1983,1980s,38.9,4.25
1983,1980s,156.1,6.99
1983,1980s,37.5,4.36
1983,1980s,37.2,4.12
1983,1980s,90.0,5.98
1983,1980s,106.3,5.89
1983,1980s,84.0,6.22
1983,1980s,16.9,2.71
1983,1980s,89.8,5.76
1983,1980s,27.6,3.73
1983,1980s,71.6,6.13
1983,1980s,20.6,3.17
1983,1980s,83.9,5.53
1983,1980s,32.8,3.76
1983,1980s,22.9,4.03
1983,1980s,102.5,5.2
1983,1980s,71.9,5.09
1983,1980s,37.9,5.14
1983,1980s,178.2,7.44
1983,1980s,43.1,4.03
1983,1980s,61.5,5.1
1983,1980s,73.4,5.51
1983,1980s,37.7,4.48
1983,1980s,85.4,6.45
1983,1980s,40.2,4.43
1983,1980s,44.1,4.27
1983,1980s,166.7,7.4
1983,1980s,27.5,3.44
1983,1980s,9.8,2.31
1983,1980s,200.8,6.79
1983,1980s,406.0,7.41
1983,1980s,44.3,4.15
1983,1980s,14.0,2.52
1983,1980s,47.5,4.71
1983,1980s,48.4,4.21
1983,1980s,52.0,3.67
1983,1980s,26.0,3.25
1983,1980s,92.7,5.81
1983,1980s,88.9,5.68
1983,1980s,19.6,3.79
1983,1980s,101.4,5.95
1983,1980s,279.7,8.07
1983,1980s,68.3,5.32
1983,1980s,46.6,4.55
1983,1980s,53.9,4.55
1983,1980s,95.2,6.01
1983,1980s,16.4,2.81
1983,1980s,67.9,5.38
1983,1980s,44.8,4.4
1983,1980s,239.9,7.29
1983,1980s,52.7,5.14
1983,1980s,209.6,7.61
1983,1980s,26.2,3.46
1983,1980s,93.2,6.04
1983,1980s,76.2,5.53
1983,1980s,31.3,3.57
1983,1980s,68.5,5.36
1983,1980s,149.0,6.71
1983,1980s,47.1,4.25
1983,1980s,16.9,2.53
1983,1980s,59.2,4.91
1983,1980s,30.5,4.04
1983,1980s,46.4,4.31
1983,1980s,56.4,5.82
1983,1980s,16.7,3.4
1983,1980s,17.9,3.62
1983,1980s,86.1,6.1
1983,1980s,40.5,4.95
1983,1980s,8.8,2.33
1983,1980s,108.1,5.4
1983,1980s,73.6,5.33
1983,1980s,35.1,4.26
1983,1980s,22.3,3.47
1983,1980s,112.3,6.47
1983,1980s,78.0,6.07
1983,1980s,358.3,8.05
1983,1980s,82.2,6.0
1983,1980s,80.2,5.34
1983,1980s,52.9,4.42
1983,1980s,110.7,6.91
1983,1980s,95.9,6.09
1983,1980s,153.4,6.76
1983,1980s,40.6,4.09
1983,1980s,43.3,4.2
1983,1980s,41.9,4.12
1983,1980s,108.6,5.86
1983,1980s,184.6,6.76
1983,1980s,42.5,4.32
1983,1980s,43.6,4.23
1983,1980s,75.9,5.94
1983,1980s,49.9,4.79
1983,1980s,122.5,6.64
1983,1980s,11.1,2.49
1983,1980s,32.3,3.88
1983,1980s,33.4,4.1
1983,1980s,10.5,2.97
1983,1980s,29.1,3.74
1983,1980s,30.2,4.2
1983,1980s,51.6,4.76
1983,1980s,138.3,7.06
1983,1980s,49.9,4.52
1983,1980s,27.7,3.06
1983,1980s,57.5,5.07
1983,1980s,131.8,6.95
1983,1980s,28.9,3.96
1983,1980s,30.3,3.98
1983,1980s,91.2,5.82
1983,1980s,50.8,4.44
1983,1980s,97.5,6.28
1983,1980s,59.4,5.19
1983,1980s,101.6,5.97
1983,1980s,27.6,4.08
1983,1980s,59.5,4.73
1983,1980s,51.2,4.54
1983,1980s,24.1,4.08
1983,1980s,18.6,3.51
1983,1980s,100.3,6.02
1983,1980s,46.1,4.64
1983,1980s,27.9,3.76
1983,1980s,55.8,3.95
1983,1980s,139.8,6.49
1983,1980s,10.8,2.72
1983,1980s,19.5,3.13
1983,1980s,30.0,3.9
1983,1980s,179.5,7.64
1983,1980s,74.2,5.39
1983,1980s,106.7,5.9
1983,1980s,25.5,3.7
1983,1980s,25.9,3.49
1983,1980s,83.9,5.71
1983,1980s,62.7,5.05
1983,1980s,90.5,6.71
1983,1980s,52.1,3.99
1983,1980s,73.9,5.36
1983,1980s,67.6,5.31
1983,1980s,107.5,6.01
1983,1980s,109.9,6.65
1983,1980s,17.8,3.44
1983,1980s,11.1,2.74
1983,1980s,127.2,6.53
1983,1980s,146.2,6.85
1983,1980s,27.9,3.67
1983,1980s,14.9,2.96
1983,1980s,64.6,5.15
1983,1980s,120.6,6.61
1983,1980s,231.0,7.85
1983,1980s,88.4,5.45
1983,1980s,45.4,4.14
1983,1980s,30.7,3.24
1983,1980s,60.5,5.38
1983,1980s,47.9,4.7
1983,1980s,28.0,3.89
1983,1980s,278.9,7.26
1983,1980s,228.9,8.2
1983,1980s,140.7,6.61
1983,1980s,30.1,3.88
1983,1980s,113.9,6.7
1983,1980s,96.9,5.73
1983,1980s,83.6,5.57
1983,1980s,153.2,7.04
1983,1980s,96.6,7.07
1983,1980s,104.5,6.33
1983,1980s,96.7,6.63
1983,1980s,77.5,6.02
1983,1980s,15.7,3.17
1983,1980s,63.9,4.84
1983,1980s,39.5,4.63
1983,1980s,23.0,2.92
1983,1980s,211.8,8.04
1983,1980s,219.4,7.59
1983,1980s,166.3,6.19
1983,1980s,72.7,5.34
1983,1980s,165.2,7.34
1983,1980s,60.5,5.0
1983,1980s,69.9,5.63
1983,1980s,26.4,3.33
1983,1980s,80.8,5.23
1983,1980s,62.8,5.13
1983,1980s,22.6,3.44
1983,1980s,57.7,4.86
1983,1980s,56.5,5.37
1983,1980s,231.0,7.28
1983,1980s,117.3,6.57
1983,1980s,60.5,5.1
1983,1980s,72.3,4.91
1983,1980s,62.0,4.67
1983,1980s,51.5,4.76
1983,1980s,26.6,4.34
1983,1980s,53.6,5.03
1983,1980s,34.3,3.42
1983,1980s,23.5,2.39
1983,1980s,88.0,6.13
1983,1980s,80.5,5.64
1983,1980s,15.7,3.43
1983,1980s,54.7,4.57
1983,1980s,126.6,6.74
1983,1980s,132.8,7.01
1983,1980s,129.5,6.5
1983,1980s,61.8,4.97
1984,1980s,31.8,3.91
1984,1980s,26.6,3.83
1984,1980s,77.7,5.6
1984,1980s,79.7,6.0
1984,1980s,157.6,6.86
1984,1980s,136.9,6.3
1984,1980s,54.3,5.55
1984,1980s,23.6,3.27
1984,1980s,47.2,4.39
1984,1980s,70.6,5.38
1984,1980s,51.6,4.78
1984,1980s,38.9,4.1
1984,1980s,72.5,5.45
1984,1980s,41.1,4.32
1984,1980s,37.5,4.23
1984,1980s,75.8,4.73
1984,1980s,44.4,5.13
1984,1980s,72.1,5.39
1984,1980s,73.6,5.69
1984,1980s,25.5,3.1
1984,1980s,41.8,4.2
1984,1980s,176.4,6.98
1984,1980s,25.1,4.08
1984,1980s,12.3,2.62
1984,1980s,14.8,3.25
1984,1980s,61.3,4.88
1984,1980s,61.4,4.95
1984,1980s,54.9,4.8
1984,1980s,149.2,7.38
1984,1980s,8.1,1.9
1984,1980s,80.7,5.23
1984,1980s,193.5,6.67
1984,1980s,25.8,3.22
1984,1980s,45.1,4.22
1984,1980s,34.1,3.45
1984,1980s,30.7,3.59
1984,1980s,47.0,3.87
1984,1980s,175.0,6.84
1984,1980s,238.0,8.03
1984,1980s,46.6,4.7
1984,1980s,250.4,7.73
1984,1980s,61.6,4.76
1984,1980s,223.5,7.01
1984,1980s,55.9,4.52
1984,1980s,66.2,5.25
1984,1980s,78.9,5.94
1984,1980s,600.0,8.33
1984,1980s,113.6,6.62
1984,1980s,35.3,3.81
1984,1980s,124.1,6.58
1984,1980s,45.7,4.41
1984,1980s,41.6,4.28
1984,1980s,118.6,7.2
1984,1980s,61.4,4.49
1984,1980s,73.9,5.42
1984,1980s,60.6,5.51
1984,1980s,77.2,5.08
1984,1980s,82.5,5.51
1984,1980s,14.0,2.75
1984,1980s,98.9,6.04
1984,1980s,28.7,3.19
1984,1980s,20.3,3.51
1984,1980s,57.4,5.2
1984,1980s,63.9,5.37
1984,1980s,35.7,3.78
1984,1980s,111.9,6.4
1984,1980s,21.9,3.08
1984,1980s,44.2,4.35
1984,1980s,38.7,4.98
1984,1980s,57.9,5.02
1984,1980s,74.0,5.08
1984,1980s,28.2,3.78
1984,1980s,103.3,5.73
1984,1980s,62.9,4.74
1984,1980s,14.5,2.6
1984,1980s,13.8,2.76
1984,1980s,59.4,5.37
1984,1980s,50.8,4.93
1984,1980s,55.5,5.09
1984,1980s,58.8,4.63
1984,1980s,71.1,5.22
1984,1980s,122.1,6.64
1984,1980s,26.1,3.39
1984,1980s,24.9,3.45
1984,1980s,26.4,3.79
1984,1980s,74.5,5.39
1984,1980s,152.6,7.05
1984,1980s,43.4,4.99
1984,1980s,9.2,2.57
1984,1980s,16.7,3.51
1984,1980s,32.1,4.11
1984,1980s,39.5,3.75
1984,1980s,44.2,4.08
1984,1980s,61.8,4.83
1984,1980s,47.5,4.3
1984,1980s,131.8,6.66
1984,1980s,36.1,4.32
1984,1980s,31.4,4.32
1984,1980s,85.9,5.93
1984,1980s,19.0,3.07
1984,1980s,80.4,4.95
1984,1980s,64.8,5.24
1984,1980s,53.7,4.85
1984,1980s,197.5,7.45
1984,1980s,37.6,4.91
1984,1980s,281.3,8.2
1984,1980s,50.7,5.0
1984,1980s,23.0,3.11
1984,1980s,63.2,4.99
1984,1980s,26.8,3.62
1984,1980s,34.1,3.74
1984,1980s,80.8,5.86
1984,1980s,91.0,6.07
1984,1980s,37.6,3.8
1984,1980s,125.8,7.02
1984,1980s,142.9,6.89
1984,1980s,176.2,6.61
1984,1980s,89.2,5.88
1984,1980s,166.8,7.22
1984,1980s,14.6,3.31
1984,1980s,47.3,4.47
1984,1980s,31.3,4.17
1984,1980s,65.6,5.31
1984,1980s,39.1,3.78
1984,1980s,53.0,4.31
1984,1980s,246.2,8.04
1984,1980s,52.8,5.22
1984,1980s,81.8,5.83
1984,1980s,50.4,5.23
1984,1980s,63.5,5.55
1984,1980s,60.3,5.31
1984,1980s,84.0,5.45
1984,1980s,143.8,7.47
1984,1980s,206.4,7.63
1984,1980s,75.7,5.41
1984,1980s,93.4,5.76
1984,1980s,25.3,3.66
1984,1980s,56.2,4.34
1984,1980s,121.5,6.78
1984,1980s,114.9,6.09
1984,1980s,70.3,5.52
1984,1980s,116.6,6.27
1984,1980s,86.7,5.75
1984,1980s,147.6,6.64
1984,1980s,74.5,5.46
1984,1980s,46.0,5.2
1984,1980s,77.2,6.07
1984,1980s,6.7,2.59
1984,1980s,80.0,5.66
1984,1980s,3.9,2.57
1984,1980s,16.5,3.47
1984,1980s,84.2,5.48
1984,1980s,85.8,5.79
1984,1980s,25.1,2.92
1984,1980s,35.2,4.46
1984,1980s,167.7,7.85
1984,1980s,41.7,4.39
1984,1980s,322.6,7.12
1984,1980s,59.9,5.27
1984,1980s,81.5,5.39
1984,1980s,201.7,7.18
1984,1980s,66.2,5.48
1984,1980s,28.3,3.82
1984,1980s,55.3,4.72
1984,1980s,58.4,4.78
1984,1980s,21.6,3.41
1984,1980s,49.5,4.53
1984,1980s,34.4,3.64
1984,1980s,120.0,6.39
1984,1980s,61.6,5.23
1984,1980s,48.5,4.58
1984,1980s,55.4,4.4
1984,1980s,70.9,5.76
1984,1980s,95.3,5.08
1984,1980s,28.3,3.57
1984,1980s,27.5,3.47
1984,1980s,137.4,6.83
1984,1980s,44.0,4.65
1984,1980s,20.7,3.72
1984,1980s,83.7,5.51
1984,1980s,84.9,6.0
1984,1980s,19.0,3.3
1984,1980s,71.3,4.82
1984,1980s,104.2,6.89
1984,1980s,79.5,5.15
1984,1980s,96.4,6.21
1984,1980s,20.9,3.47
1984,1980s,76.9,5.68
1984,1980s,47.8,4.44
1984,1980s,41.8,4.65
1984,1980s,115.3,5.88
1984,1980s,182.0,7.24
1984,1980s,230.5,7.38
1984,1980s,160.8,6.82
1984,1980s,55.3,5.04
1984,1980s,78.2,5.99
1984,1980s,106.6,6.15
1984,1980s,65.7,5.52
1984,1980s,66.2,5.28
1984,1980s,111.3,6.04
1985,1980s,57.4,4.88
1985,1980s,34.7,3.94
1985,1980s,44.0,4.21
1985,1980s,96.5,6.21
1985,1980s,60.1,5.15
1985,1980s,77.4,5.04
1985,1980s,99.2,5.54
1985,1980s,45.3,4.66
1985,1980s,105.8,5.97
1985,1980s,79.7,5.76
1985,1980s,23.8,3.76
1985,1980s,177.0,6.77
1985,1980s,41.2,3.84
1985,1980s,17.3,3.72
1985,1980s,27.4,3.81
1985,1980s,27.9,3.56
1985,1980s,62.4,4.81
1985,1980s,48.9,4.47
1985,1980s,46.6,4.14
1985,1980s,95.5,6.35
1985,1980s,77.4,5.32
1985,1980s,76.0,5.94
1985,1980s,81.6,5.57
1985,1980s,95.2,5.67
1985,1980s,12.3,2.68
1985,1980s,45.7,3.6
1985,1980s,11.7,2.75
1985,1980s,61.6,5.06
1985,1980s,59.8,5.34
1985,1980s,131.4,6.03
1985,1980s,146.2,7.3
1985,1980s,69.9,5.67
1985,1980s,41.2,4.77
1985,1980s,86.3,5.81
1985,1980s,40.4,4.65
1985,1980s,59.9,4.54
1985,1980s,125.7,6.85
1985,1980s,39.5,3.99
1985,1980s,109.8,5.75
1985,1980s,99.7,5.74
1985,1980s,29.3,3.78
1985,1980s,124.6,6.3
1985,1980s,101.3,6.3
1985,1980s,64.8,4.59
1985,1980s,33.9,3.26
1985,1980s,31.5,4.37
1985,1980s,40.1,4.6
1985,1980s,90.1,5.55
1985,1980s,29.3,3.78
1985,1980s,83.3,6.11
1985,1980s,23.6,3.63
1985,1980s,51.5,4.8
1985,1980s,65.1,5.61
1985,1980s,375.5,7.68
1985,1980s,21.4,3.37
1985,1980s,181.0,7.25
1985,1980s,67.1,5.2
1985,1980s,81.7,5.57
1985,1980s,65.6,5.27
1985,1980s,83.8,5.78
1985,1980s,53.5,4.46
1985,1980s,178.6,7.51
1985,1980s,42.6,4.05
1985,1980s,140.3,6.74
1985,1980s,37.0,4.04
1985,1980s,57.3,5.09
1985,1980s,26.9,2.91
1985,1980s,84.4,6.09
1985,1980s,177.4,6.99
1985,1980s,56.6,5.37
1985,1980s,51.8,4.6
1985,1980s,26.0,3.59
1985,1980s,50.5,5.39
1985,1980s,18.2,3.08
1985,1980s,30.3,4.26
1985,1980s,71.1,5.43
1985,1980s,161.4,7.21
1985,1980s,493.4,8.02
1985,1980s,38.6,4.52
1985,1980s,176.1,6.97
1985,1980s,72.0,5.1
1985,1980s,53.6,4.61
1985,1980s,83.0,5.78
1985,1980s,62.9,5.08
1985,1980s,65.2,5.48
1985,1980s,44.2,4.92
1985,1980s,21.0,3.0
1985,1980s,18.9,2.96
1985,1980s,97.9,5.59
1985,1980s,48.8,5.36
1985,1980s,38.4,4.32
1985,1980s,60.4,5.24
1985,1980s,108.9,5.84
1985,1980s,68.7,5.34
1985,1980s,36.7,4.31
1985,1980s,150.5,6.86
1985,1980s,196.1,7.75
1985,1980s,86.9,6.65
1985,1980s,124.5,6.25
1985,1980s,152.3,6.61
1985,1980s,140.0,6.5
1985,1980s,95.1,6.6
1985,1980s,94.0,6.37
1985,1980s,88.6,5.84
1985,1980s,26.3,3.64
1985,1980s,101.5,5.88
1985,1980s,21.7,3.69
1985,1980s,33.1,3.83
1985,1980s,159.5,6.96
1985,1980s,112.7,6.59
1985,1980s,183.1,7.21
1985,1980s,48.9,4.57
1985,1980s,25.3,3.58
1985,1980s,50.1,4.98
1985,1980s,64.8,5.8
1985,1980s,63.7,5.39
1985,1980s,140.4,7.1
1985,1980s,45.8,4.46
1985,1980s,78.1,5.37
1985,1980s,28.6,3.97
1985,1980s,84.1,5.83
1985,1980s,60.1,4.57
1985,1980s,34.2,3.9
1985,1980s,50.3,4.68
1985,1980s,52.3,4.6
1985,1980s,49.0,5.17
1985,1980s,226.5,7.73
1985,1980s,55.7,5.39
1985,1980s,50.0,4.79
1985,1980s,12.4,2.86
1985,1980s,30.7,3.52
1985,1980s,49.3,4.67
1985,1980s,35.9,4.1
1985,1980s,169.1,6.67
1985,1980s,53.0,4.62
1985,1980s,157.7,6.91
1985,1980s,62.8,5.3
1985,1980s,61.7,5.28
1985,1980s,56.1,4.72
1985,1980s,60.2,5.23
1985,1980s,217.8,7.45
1985,1980s,10.5,1.71
1985,1980s,13.4,2.72
1985,1980s,39.9,4.66
1985,1980s,60.7,4.49
1985,1980s,100.7,6.19
1985,1980s,85.6,6.36
1985,1980s,45.0,4.23
1985,1980s,128.8,6.65
1985,1980s,129.9,6.21
1985,1980s,68.9,5.92
1985,1980s,123.5,6.54
1985,1980s,73.6,5.51
1985,1980s,39.4,4.73
1985,1980s,101.3,6.4
1985,1980s,65.2,4.93
1985,1980s,60.1,4.84
1985,1980s,181.1,7.43
1985,1980s,9.5,2.43
1985,1980s,20.7,2.58
1985,1980s,24.6,3.52
1985,1980s,45.7,4.01
1985,1980s,49.6,5.24
1985,1980s,19.4,3.31
1985,1980s,28.7,3.43
1985,1980s,31.5,3.64
1985,1980s,379.0,7.28
1985,1980s,231.7,7.2
1985,1980s,44.1,4.81
1985,1980s,45.7,5.3
1985,1980s,25.3,3.83
1985,1980s,14.3,2.92
1985,1980s,55.0,4.73
1985,1980s,28.4,3.4
1985,1980s,56.3,5.65
1985,1980s,18.1,3.11
1985,1980s,33.9,4.74
1985,1980s,67.1,5.78
1985,1980s,79.0,5.03
1985,1980s,82.1,5.49
1985,1980s,22.3,3.18
1985,1980s,113.9,6.38
1985,1980s,32.9,3.94
1985,1980s,96.4,7.11
1985,1980s,59.5,4.67
1985,1980s,21.4,3.44
1985,1980s,47.3,4.81
1985,1980s,78.9,5.64
1985,1980s,95.0,6.07
1985,1980s,54.0,4.48
1985,1980s,189.3,7.36
1985,1980s,127.7,6.81
1985,1980s,49.5,4.79
1985,1980s,105.3,6.44
1985,1980s,255.9,8.18
1985,1980s,261.0,8.03
1985,1980s,23.9,3.52
1985,1980s,29.9,3.4
1985,1980s,182.7,7.06
1985,1980s,27.1,3.59
1986,1980s,22.3,3.5
1986,1980s,41.7,4.19
1986,1980s,82.2,5.4
1986,1980s,55.6,4.49
1986,1980s,36.8,3.56
1986,1980s,36.2,4.03
1986,1980s,35.2,3.55
1986,1980s,31.0,3.51
1986,1980s,332.1,7.74
1986,1980s,75.0,5.06
1986,1980s,116.7,6.58
1986,1980s,41.6,4.61
1986,1980s,52.2,4.59
1986,1980s,35.1,3.91
1986,1980s,8.2,2.75
1986,1980s,21.3,3.11
1986,1980s,15.4,2.74
1986,1980s,11.1,3.17
1986,1980s,24.5,3.84
1986,1980s,162.1,7.28
1986,1980s,58.0,5.32
1986,1980s,157.9,6.34
1986,1980s,81.7,6.18
1986,1980s,107.9,6.43
1986,1980s,30.5,4.19
1986,1980s,88.9,6.03
1986,1980s,103.6,6.23
1986,1980s,38.9,4.14
1986,1980s,91.3,6.08
1986,1980s,91.7,5.85
1986,1980s,39.7,4.57
1986,1980s,25.8,3.05
1986,1980s,24.7,3.35
1986,1980s,64.0,5.91
1986,1980s,76.7,5.36
1986,1980s,33.1,3.88
1986,1980s,61.2,4.79
1986,1980s,92.0,6.08
1986,1980s,95.4,5.78
1986,1980s,192.1,7.28
1986,1980s,156.3,7.31
1986,1980s,28.3,3.48
1986,1980s,212.1,7.75
1986,1980s,40.3,4.58
1986,1980s,131.4,7.06
1986,1980s,63.1,5.21
1986,1980s,44.0,5.59
1986,1980s,15.5,3.39
1986,1980s,52.8,4.91
1986,1980s,18.6,2.9
1986,1980s,123.9,6.54
1986,1980s,187.2,7.8
1986,1980s,33.0,4.56
1986,1980s,75.3,6.05
1986,1980s,34.8,4.32
1986,1980s,37.4,3.73
1986,1980s,107.3,6.45
1986,1980s,58.3,4.57
1986,1980s,221.2,7.01
1986,1980s,41.8,4.44
1986,1980s,127.0,6.8
1986,1980s,64.5,5.53
1986,1980s,109.0,6.49
1986,1980s,42.9,4.59
1986,1980s,57.8,4.64
1986,1980s,55.0,4.85
1986,1980s,32.1,3.39
1986,1980s,98.6,5.41
1986,1980s,97.7,6.35
1986,1980s,93.6,5.74
1986,1980s,190.0,7.63
1986,1980s,177.9,7.62
1986,1980s,45.3,4.29
1986,1980s,79.4,5.86
1986,1980s,37.6,3.94
1986,1980s,61.1,4.45
1986,1980s,38.3,4.25
1986,1980s,202.2,7.25
1986,1980s,78.8,5.48
1986,1980s,50.9,5.42
1986,1980s,146.9,6.37
1986,1980s,11.8,2.93
1986,1980s,13.2,2.54
1986,1980s,109.0,6.63
1986,1980s,62.8,5.26
1986,1980s,72.4,5.59
1986,1980s,22.2,3.07
1986,1980s,59.0,4.76
1986,1980s,269.6,8.06
1986,1980s,111.3,6.98
1986,1980s,68.1,5.49
1986,1980s,43.2,4.1
1986,1980s,44.6,4.6
1986,1980s,12.2,3.67
1986,1980s,72.8,5.5
1986,1980s,113.1,6.9
1986,1980s,18.4,2.93
1986,1980s,36.5,4.11
1986,1980s,25.2,3.78
1986,1980s,29.1,3.91
1986,1980s,62.5,4.87
1986,1980s,12.6,2.56
1986,1980s,95.1,6.38
1986,1980s,105.6,6.67
1986,1980s,49.7,5.21
1986,1980s,9.3,3.27
1986,1980s,28.4,3.78
1986,1980s,151.3,6.84
1986,1980s,7.5,2.99
1986,1980s,46.2,4.8
1986,1980s,24.8,3.2
1986,1980s,109.7,5.97
1986,1980s,36.2,4.28
1986,1980s,81.2,5.64
1986,1980s,91.7,5.95
1986,1980s,237.8,7.99
1986,1980s,51.5,5.02
1986,1980s,79.5,6.12
1986,1980s,19.7,2.59
1986,1980s,146.5,6.98
1986,1980s,33.9,4.25
1986,1980s,39.4,3.72
1986,1980s,59.0,4.8
1986,1980s,18.6,2.91
1986,1980s,71.2,5.43
1986,1980s,124.0,7.14
1986,1980s,74.7,6.23
1986,1980s,18.2,2.9
1986,1980s,54.7,5.06
1986,1980s,104.7,6.43
1986,1980s,14.7,3.11
1986,1980s,26.8,3.79
1986,1980s,115.8,6.54
1986,1980s,73.5,6.08
1986,1980s,81.7,6.1
1986,1980s,242.0,7.26
1986,1980s,85.3,6.08
1986,1980s,98.3,6.41
1986,1980s,458.2,8.1
1986,1980s,51.1,5.13
1986,1980s,33.0,4.03
1986,1980s,82.7,5.81
1986,1980s,83.4,5.8
1986,1980s,40.4,3.59
1986,1980s,27.7,3.67
1986,1980s,339.2,7.66
1986,1980s,76.7,5.16
1986,1980s,34.6,4.54
1986,1980s,119.3,6.67
1986,1980s,55.3,4.88
1986,1980s,49.6,4.48
1986,1980s,91.5,6.06
1986,1980s,22.8,3.78
1986,1980s,78.2,5.33
1986,1980s,251.9,7.67
1986,1980s,85.1,6.1
1986,1980s,45.2,3.83
1986,1980s,41.0,4.31
1986,1980s,44.1,4.31
1986,1980s,49.6,4.63
1986,1980s,45.2,4.33
1986,1980s,119.3,6.55
1986,1980s,16.4,3.75
1986,1980s,114.5,6.3
1986,1980s,45.1,4.6
1986,1980s,79.6,6.35
1986,1980s,25.8,3.4
1986,1980s,162.5,7.71
1986,1980s,152.7,6.97
1986,1980s,123.2,7.19
1986,1980s,19.3,3.5
1986,1980s,111.7,6.47
1986,1980s,81.3,5.68
1986,1980s,18.0,2.95
1986,1980s,58.9,5.05
1986,1980s,78.9,5.95
1986,1980s,91.0,5.94
1986,1980s,68.5,5.23
1986,1980s,74.6,5.43
1986,1980s,181.2,7.6
1986,1980s,150.5,7.37
1986,1980s,7.0,2.25
1986,1980s,47.3,4.35
1986,1980s,53.0,4.94
1986,1980s,16.1,3.59
1986,1980s,64.4,5.61
1986,1980s,153.1,6.54
1986,1980s,26.6,3.55
1986,1980s,77.2,5.27
1986,1980s,30.2,3.73
1986,1980s,36.2,4.67
1986,1980s,181.7,6.76
1986,1980s,39.9,3.71
1986,1980s,84.9,5.5
1986,1980s,14.7,3.08
1986,1980s,242.5,7.85
1986,1980s,94.3,6.17
1986,1980s,52.3,5.2
1986,1980s,92.4,5.36
1986,1980s,20.8,3.75
1987,1980s,145.7,6.78
1987,1980s,47.1,4.84
1987,1980s,51.5,4.29
1987,1980s,41.5,4.35
1987,1980s,38.8,4.31
1987,1980s,101.0,6.56
1987,1980s,72.7,4.91
1987,1980s,97.8,6.1
1987,1980s,59.6,4.67
1987,1980s,88.2,6.05
1987,1980s,43.8,4.72
1987,1980s,319.5,8.31
1987,1980s,18.5,3.01
1987,1980s,154.5,7.32
1987,1980s,167.4,7.6
1987,1980s,31.7,3.32
1987,1980s,319.4,8.07
1987,1980s,126.6,6.95
1987,1980s,124.3,6.49
1987,1980s,61.3,4.68
1987,1980s,51.0,5.06
1987,1980s,51.3,4.32
1987,1980s,80.4,5.62
1987,1980s,171.6,7.16
1987,1980s,68.7,5.59
1987,1980s,30.3,3.61
1987,1980s,111.3,6.12
1987,1980s,119.7,6.54
1987,1980s,98.0,6.45
1987,1980s,104.9,7.04
1987,1980s,49.0,4.13
1987,1980s,29.9,3.92
1987,1980s,31.3,3.5
1987,1980s,17.6,3.5
1987,1980s,71.7,5.1
1987,1980s,56.4,4.7
1987,1980s,43.1,4.21
1987,1980s,6.5,2.43
1987,1980s,23.5,3.59
1987,1980s,139.1,6.97
1987,1980s,36.4,4.12
1987,1980s,78.6,5.16
1987,1980s,21.1,3.6
1987,1980s,176.5,7.2
1987,1980s,53.9,5.25
1987,1980s,74.6,5.27
1987,1980s,343.3,7.34
1987,1980s,187.1,7.29
1987,1980s,47.7,5.06
1987,1980s,38.5,4.27
1987,1980s,47.0,4.51
1987,1980s,87.9,5.56
1987,1980s,55.4,5.52
1987,1980s,44.6,4.12
1987,1980s,180.3,6.99
1987,1980s,55.1,5.09
1987,1980s,336.6,7.24
1987,1980s,64.2,5.65
1987,1980s,228.9,7.79
1987,1980s,78.4,5.94
1987,1980s,123.5,6.76
1987,1980s,34.8,3.99
1987,1980s,31.6,3.52
1987,1980s,84.7,5.74
1987,1980s,125.9,6.26
1987,1980s,61.8,5.29
1987,1980s,22.9,3.72
1987,1980s,21.6,3.89
1987,1980s,20.6,3.45
1987,1980s,15.9,3.37
1987,1980s,65.1,5.13
1987,1980s,139.5,6.64
1987,1980s,59.4,5.21
1987,1980s,11.0,2.61
1987,1980s,52.0,4.87
1987,1980s,53.1,4.44
1987,1980s,289.0,7.48
1987,1980s,20.1,3.51
1987,1980s,44.8,4.8
1987,1980s,215.7,7.15
1987,1980s,84.1,6.01
1987,1980s,91.5,5.77
1987,1980s,65.4,5.24
1987,1980s,76.8,6.08
1987,1980s,107.5,6.57
1987,1980s,32.7,4.22
1987,1980s,115.9,7.11
1987,1980s,21.4,3.12
1987,1980s,76.8,5.23
1987,1980s,68.6,5.09
1987,1980s,37.8,4.09
1987,1980s,59.0,4.2
1987,1980s,37.6,4.1
1987,1980s,26.9,3.46
1987,1980s,46.0,4.81
1987,1980s,26.2,3.74
1987,1980s,76.4,5.36
1987,1980s,25.3,3.78
1987,1980s,102.3,6.44
1987,1980s,24.7,3.27
1987,1980s,39.2,4.08
1987,1980s,37.6,3.39
1987,1980s,162.1,6.69
1987,1980s,76.9,5.32
1987,1980s,51.2,4.77
1987,1980s,87.2,5.52
1987,1980s,12.4,2.65
1987,1980s,58.1,4.57
1987,1980s,268.4,7.79
1987,1980s,66.3,5.42
1987,1980s,63.1,5.31
1987,1980s,90.5,5.93
1987,1980s,117.5,5.93
1987,1980s,13.4,2.68
1987,1980s,17.0,2.97
1987,1980s,70.3,5.25
1987,1980s,35.1,4.09
1987,1980s,160.5,7.56
1987,1980s,47.4,4.88
1987,1980s,14.1,2.59
1987,1980s,23.2,3.7
1987,1980s,7.6,2.75
1987,1980s,50.3,4.43
1987,1980s,52.1,5.07
1987,1980s,43.6,4.38
1987,1980s,134.8,6.24
1987,1980s,147.4,7.07
1987,1980s,52.8,4.88
1987,1980s,12.1,2.73
1987,1980s,95.3,6.03
1987,1980s,91.0,5.69
1987,1980s,75.7,5.76
1987,1980s,125.3,6.58
1987,1980s,25.0,3.62
1987,1980s,270.7,7.86
1987,1980s,29.2,3.37
1987,1980s,105.2,5.93
1987,1980s,16.9,2.33
1987,1980s,29.9,4.0
1987,1980s,187.1,6.88
1987,1980s,49.3,4.72
1987,1980s,112.7,6.51
1987,1980s,71.7,5.64
1987,1980s,55.5,4.48
1987,1980s,166.9,7.1
1987,1980s,50.2,5.29
1987,1980s,15.8,3.64
1987,1980s,32.8,4.3
1987,1980s,90.7,6.05
1987,1980s,80.7,5.33
1987,1980s,18.5,3.45
1987,1980s,34.9,3.99
1987,1980s,38.8,4.42
1987,1980s,45.6,4.3
1987,1980s,21.4,3.3
1987,1980s,37.5,4.23
1987,1980s,34.7,4.13
1987,1980s,107.0,6.45
1987,1980s,110.1,6.13
1987,1980s,53.8,4.37
1987,1980s,44.7,5.05
1987,1980s,66.6,6.15
1987,1980s,32.5,4.09
1987,1980s,25.4,3.11
1987,1980s,29.6,3.53
1987,1980s,37.3,4.34
1987,1980s,25.1,4.03
1987,1980s,67.8,4.89
1987,1980s,103.7,6.17
1987,1980s,18.2,3.25
1987,1980s,61.1,5.4
1987,1980s,50.9,4.61
1987,1980s,77.5,5.05
1987,1980s,59.4,5.26
1987,1980s,20.2,3.69
1987,1980s,23.3,3.44
1987,1980s,61.3,5.25
1987,1980s,129.8,6.5
1987,1980s,11.4,2.47
1987,1980s,77.8,5.96
1987,1980s,146.4,7.03
1987,1980s,53.5,5.0
1987,1980s,90.6,6.46
1987,1980s,35.4,3.71
1987,1980s,54.9,4.69
1987,1980s,17.8,3.21
1987,1980s,10.3,2.51
1987,1980s,121.7,6.81
1987,1980s,28.7,3.68
1987,1980s,42.6,4.05
1987,1980s,21.2,3.37
1987,1980s,20.8,3.39
1987,1980s,52.7,5.12
1987,1980s,34.7,4.18
1987,1980s,79.7,5.82
1987,1980s,84.2,5.89
1987,1980s,76.3,5.5
1987,1980s,71.8,5.18
1987,1980s,195.9,7.47
1987,1980s,26.9,3.54
1988,1980s,57.6,5.57
1988,1980s,140.3,7.28
1988,1980s,154.9,7.22
1988,1980s,20.7,3.45
1988,1980s,47.5,4.56
1988,1980s,166.2,6.67
1988,1980s,87.8,5.79
1988,1980s,69.5,5.4
1988,1980s,51.0,4.81
1988,1980s,45.0,4.66
1988,1980s,74.5,5.84
1988,1980s,49.7,4.44
1988,1980s,58.1,4.76
1988,1980s,63.6,5.69
1988,1980s,36.1,4.38
1988,1980s,89.4,5.77
1988,1980s,533.8,7.97
1988,1980s,15.8,3.01
1988,1980s,76.5,5.58
1988,1980s,33.9,4.17
1988,1980s,92.5,6.86
1988,1980s,62.1,5.2
1988,1980s,106.2,6.49
1988,1980s,144.9,6.28
1988,1980s,69.3,5.19
1988,1980s,140.2,7.24
1988,1980s,10.3,2.84
1988,1980s,197.8,5.85
1988,1980s,79.5,5.89
1988,1980s,134.7,7.41
1988,1980s,24.0,2.81
1988,1980s,32.2,4.45
1988,1980s,66.9,4.32
1988,1980s,59.2,5.36
1988,1980s,74.2,5.5
1988,1980s,135.3,5.92
1988,1980s,16.0,3.21
1988,1980s,124.6,6.99
1988,1980s,60.4,5.2
1988,1980s,51.5,4.96
1988,1980s,19.9,3.13
1988,1980s,87.5,5.21
1988,1980s,9.8,2.91
1988,1980s,97.6,6.7
1988,1980s,19.6,3.66
1988,1980s,62.5,4.45
1988,1980s,54.9,4.35
1988,1980s,144.2,6.57
1988,1980s,52.5,4.23
1988,1980s,35.6,4.1
1988,1980s,41.0,4.46
1988,1980s,155.9,6.51
1988,1980s,89.7,6.18
1988,1980s,44.9,4.7
1988,1980s,50.2,4.51
1988,1980s,18.5,3.14
1988,1980s,80.3,4.99
1988,1980s,16.0,2.94
1988,1980s,105.4,6.25
1988,1980s,66.1,5.32
1988,1980s,359.4,8.05
1988,1980s,26.3,3.71
1988,1980s,55.6,4.81
1988,1980s,231.1,7.68
1988,1980s,146.6,7.25
1988,1980s,35.6,4.05
1988,1980s,71.0,5.52
1988,1980s,60.1,5.0
1988,1980s,74.1,5.28
1988,1980s,35.5,4.26
1988,1980s,56.1,4.73
1988,1980s,18.1,3.31
1988,1980s,66.4,5.28
1988,1980s,84.1,5.67
1988,1980s,50.6,4.6
1988,1980s,17.9,2.98
1988,1980s,125.9,6.03
1988,1980s,78.9,5.77
1988,1980s,34.8,4.13
1988,1980s,48.6,4.94
1988,1980s,19.5,3.07
1988,1980s,27.8,4.37
1988,1980s,40.1,4.15
1988,1980s,150.8,6.64
1988,1980s,37.1,3.81
1988,1980s,97.0,5.47
1988,1980s,40.1,4.82
1988,1980s,72.3,5.93
1988,1980s,54.0,5.06
1988,1980s,115.5,6.12
1988,1980s,40.2,4.92
1988,1980s,18.4,3.07
1988,1980s,21.3,3.26
1988,1980s,40.3,4.8
1988,1980s,23.5,3.71
1988,1980s,81.6,6.48
1988,1980s,42.3,4.47
1988,1980s,356.1,7.77
1988,1980s,16.3,2.85
1988,1980s,69.9,4.73
1988,1980s,25.7,3.5
1988,1980s,41.4,4.75
1988,1980s,66.7,5.49
1988,1980s,10.5,2.72
1988,1980s,71.7,5.08
1988,1980s,250.0,7.74
1988,1980s,42.7,4.75
1988,1980s,72.9,5.62
1988,1980s,129.4,6.72
1988,1980s,53.1,4.53
1988,1980s,38.8,4.53
1988,1980s,10.9,1.64
1988,1980s,97.0,6.21
1988,1980s,55.1,5.79
1988,1980s,28.1,3.19
1988,1980s,66.0,5.17
1988,1980s,38.7,4.22
1988,1980s,40.4,4.14
1988,1980s,94.5,6.38
1988,1980s,22.0,3.56
1988,1980s,131.6,6.75
1988,1980s,21.0,3.62
1988,1980s,36.5,4.13
1988,1980s,253.8,8.79
1988,1980s,139.8,6.86
1988,1980s,64.6,5.28
1988,1980s,29.6,3.2
1988,1980s,40.3,4.11
1988,1980s,63.4,5.58
1988,1980s,61.7,4.65
1988,1980s,56.0,4.17
1988,1980s,58.6,5.02
1988,1980s,51.1,5.22
1988,1980s,20.3,3.32
1988,1980s,40.7,4.2
1988,1980s,119.1,5.84
1988,1980s,21.5,3.53
1988,1980s,52.0,5.01
1988,1980s,32.4,3.31
1988,1980s,65.2,5.63
1988,1980s,44.8,4.76
1988,1980s,181.7,7.66
1988,1980s,87.7,6.07
1988,1980s,22.4,3.65
1988,1980s,99.3,6.31
1988,1980s,33.6,4.29
1988,1980s,38.9,3.6
1988,1980s,75.9,5.03
1988,1980s,41.5,4.09
1988,1980s,117.2,6.42
1988,1980s,33.6,4.12
1988,1980s,37.7,4.29
1988,1980s,36.7,4.52
1988,1980s,39.3,4.65
1988,1980s,136.8,6.46
1988,1980s,96.2,6.14
1988,1980s,216.3,7.21
1988,1980s,328.7,7.81
1988,1980s,27.7,3.81
1988,1980s,63.3,3.98
1988,1980s,24.8,4.39
1988,1980s,33.5,4.18
1988,1980s,37.4,3.96
1988,1980s,27.2,4.34
1988,1980s,27.3,3.55
1988,1980s,53.8,4.89
1988,1980s,24.1,3.34
1988,1980s,112.8,6.96
1988,1980s,30.1,3.78
1988,1980s,493.5,8.05
1988,1980s,42.8,4.82
1988,1980s,63.3,5.38
1988,1980s,22.7,3.41
1988,1980s,215.7,7.89
1988,1980s,138.9,7.68
1988,1980s,75.0,5.64
1988,1980s,21.9,3.43
1988,1980s,70.3,5.45
1988,1980s,25.9,4.06
1988,1980s,179.7,7.03
1988,1980s,110.1,6.24
1988,1980s,64.5,4.67
1988,1980s,9.7,2.24
1988,1980s,28.7,3.57
1988,1980s,100.5,6.13
1988,1980s,149.0,7.55
1988,1980s,137.9,6.97
1988,1980s,18.2,2.86
1988,1980s,75.2,5.28
1988,1980s,128.5,7.13
1988,1980s,17.3,3.52
1988,1980s,59.6,5.06
1988,1980s,73.7,5.34
1988,1980s,47.9,5.01
1988,1980s,15.0,2.64
1988,1980s,47.0,4.71
1988,1980s,46.9,5.37
1988,1980s,53.7,4.91
1988,1980s,39.3,3.98
1988,1980s,43.0,4.56
1989,1980s,58.2,4.83
1989,1980s,83.6,5.27
1989,1980s,47.8,4.85
1989,1980s,44.1,4.85
1989,1980s,64.3,5.09
1989,1980s,14.2,2.81
1989,1980s,85.8,5.48
1989,1980s,60.0,5.01
1989,1980s,61.8,4.92
1989,1980s,123.3,6.21
1989,1980s,13.9,3.59
1989,1980s,13.7,3.07
1989,1980s,73.7,5.69
1989,1980s,59.7,5.36
1989,1980s,68.2,5.6
1989,1980s,42.4,4.24
1989,1980s,98.8,6.21
1989,1980s,120.8,6.43
1989,1980s,86.3,5.98
1989,1980s,49.3,4.79
1989,1980s,12.3,2.7
1989,1980s,106.8,5.81
1989,1980s,150.0,6.99
1989,1980s,97.3,6.01
1989,1980s,31.0,3.2
1989,1980s,99.5,6.3
1989,1980s,114.4,6.75
1989,1980s,193.1,8.24
1989,1980s,31.1,3.73
1989,1980s,50.6,4.53
1989,1980s,105.1,5.85
1989,1980s,62.6,5.22
1989,1980s,26.0,3.68
1989,1980s,81.9,5.43
1989,1980s,92.6,5.92
1989,1980s,64.1,4.5
1989,1980s,70.7,5.73
1989,1980s,49.4,4.4
1989,1980s,181.8,7.25
1989,1980s,30.5,3.34
1989,1980s,38.6,4.02
1989,1980s,60.5,4.98
1989,1980s,116.0,6.44
1989,1980s,19.5,3.42
1989,1980s,22.5,3.92
1989,1980s,13.0,3.13
1989,1980s,61.5,5.45
1989,1980s,25.9,4.11
1989,1980s,45.0,4.69
1989,1980s,98.5,6.09
1989,1980s,37.1,4.5
1989,1980s,71.4,5.8
1989,1980s,47.9,4.84
1989,1980s,99.3,5.62
1989,1980s,85.7,5.52
1989,1980s,35.7,3.99
1989,1980s,52.9,5.08
1989,1980s,131.3,6.68
1989,1980s,80.6,6.08
1989,1980s,21.0,3.8
1989,1980s,98.1,6.52
1989,1980s,26.6,4.06
1989,1980s,173.1,6.82
1989,1980s,129.3,6.83
1989,1980s,74.6,5.3
1989,1980s,67.5,4.73
1989,1980s,51.3,4.64
1989,1980s,99.8,6.6
1989,1980s,45.4,4.67
1989,1980s,71.6,6.14
1989,1980s,115.4,6.49
1989,1980s,39.4,5.11
1989,1980s,37.8,4.25
1989,1980s,24.5,3.54
1989,1980s,27.0,3.21
1989,1980s,15.2,3.39
1989,1980s,103.7,6.04
1989,1980s,233.0,7.36
1989,1980s,174.7,7.65
1989,1980s,17.7,3.56
1989,1980s,103.3,6.6
1989,1980s,174.3,7.07
1989,1980s,42.6,4.38
1989,1980s,64.7,5.2
1989,1980s,13.3,3.16
1989,1980s,73.3,6.02
1989,1980s,27.0,3.79
1989,1980s,69.7,6.06
1989,1980s,18.6,3.52
1989,1980s,90.2,5.84
1989,1980s,129.4,6.95
1989,1980s,33.3,4.57
1989,1980s,25.6,4.29
1989,1980s,11.9,3.22
1989,1980s,49.1,4.67
1989,1980s,38.8,4.15
1989,1980s,18.7,3.41
1989,1980s,84.3,6.36
1989,1980s,42.8,4.56
1989,1980s,26.8,3.81
1989,1980s,39.6,4.28
1989,1980s,134.0,6.61
1989,1980s,94.3,5.96
1989,1980s,54.4,4.91
1989,1980s,95.5,6.64
1989,1980s,25.1,3.48
1989,1980s,61.5,5.13
1989,1980s,67.0,4.99
1989,1980s,42.2,4.63
1989,1980s,83.2,6.23
1989,1980s,33.4,4.55
1989,1980s,87.9,5.94
1989,1980s,90.8,6.14
1989,1980s,6.7,2.41
1989,1980s,146.5,7.08
1989,1980s,6.1,2.54
1989,1980s,37.8,4.2
1989,1980s,129.5,6.71
1989,1980s,47.3,4.75
1989,1980s,20.0,3.18
1989,1980s,26.4,3.55
1989,1980s,129.6,7.26
1989,1980s,14.2,3.89
1989,1980s,139.9,6.39
1989,1980s,57.6,4.53
1989,1980s,24.5,3.2
1989,1980s,38.7,4.19
1989,1980s,28.0,4.03
1989,1980s,114.9,6.63
1989,1980s,103.9,6.28
1989,1980s,16.5,3.27
1989,1980s,44.3,4.23
1989,1980s,31.4,3.8
1989,1980s,158.3,7.03
1989,1980s,21.8,2.83
1989,1980s,199.8,6.99
1989,1980s,58.5,4.62
1989,1980s,25.1,3.83
1989,1980s,36.1,4.19
1989,1980s,32.9,4.17
1989,1980s,23.1,2.81
1989,1980s,64.4,4.69
1989,1980s,23.9,3.73
1989,1980s,11.7,1.82
1989,1980s,45.1,4.93
1989,1980s,15.5,2.38
1989,1980s,34.1,4.31
1989,1980s,30.3,3.52
1989,1980s,31.2,4.24
1989,1980s,269.1,8.86
1989,1980s,62.6,4.35
1989,1980s,72.1,5.69
1989,1980s,15.8,2.41
1989,1980s,36.7,4.29
1989,1980s,70.5,5.33
1989,1980s,27.8,3.75
1989,1980s,118.6,6.17
1989,1980s,24.3,3.79
1989,1980s,48.4,4.13
1989,1980s,38.7,4.66
1989,1980s,67.9,5.17
1989,1980s,37.1,3.66
1989,1980s,49.0,5.21
1989,1980s,50.3,4.68
1989,1980s,34.6,4.7
1989,1980s,86.3,6.26
1989,1980s,71.7,5.16
1989,1980s,56.1,4.9
1989,1980s,43.4,4.47
1989,1980s,109.0,6.85
1989,1980s,50.3,4.86
1989,1980s,47.7,4.67
1989,1980s,64.9,5.15
1989,1980s,214.2,7.47
1989,1980s,22.0,3.85
1989,1980s,106.9,6.28
1989,1980s,14.5,2.82
1989,1980s,70.6,5.2
1989,1980s,195.5,7.17
1989,1980s,86.6,5.34
1989,1980s,68.2,5.06
1989,1980s,39.4,4.78
1989,1980s,61.4,5.04
1989,1980s,49.7,4.93
1989,1980s,33.3,3.11
1989,1980s,48.3,4.83
1989,1980s,69.6,5.31
1989,1980s,33.7,3.83
1989,1980s,32.8,4.01
1989,1980s,21.6,3.2
1989,1980s,80.4,4.93
1989,1980s,90.3,6.25
1989,1980s,71.4,5.51
1989,1980s,123.7,6.46
1989,1980s,64.1,4.86
1989,1980s,80.5,5.17
1989,1980s,75.4,5.62
1989,1980s,56.0,5.49
1989,1980s,40.3,4.37
1989,1980s,315.8,7.37
2010,2010s,42.8,4.48
2010,2010s,36.4,4.1
2010,2010s,83.1,6.05
2010,2010s,72.5,5.67
2010,2010s,20.9,2.29
2010,2010s,139.3,6.87
2010,2010s,55.9,4.57
2010,2010s,26.1,3.12
2010,2010s,146.3,6.62
2010,2010s,95.9,6.2
2010,2010s,23.2,2.89
2010,2010s,227.5,6.95
2010,2010s,98.3,6.37
2010,2010s,59.5,5.06
2010,2010s,197.8,6.4
2010,2010s,67.6,4.97
2010,2010s,58.7,5.38
2010,2010s,36.6,3.6
2010,2010s,92.8,6.35
2010,2010s,85.8,5.76
2010,2010s,60.7,5.05
2010,2010s,33.2,3.37
2010,2010s,66.1,5.21
2010,2010s,56.9,5.17
2010,2010s,22.1,2.93
2010,2010s,19.9,3.45
2010,2010s,91.7,5.99
2010,2010s,8.5,2.36
2010,2010s,70.0,5.68
2010,2010s,41.9,3.59
2010,2010s,160.1,6.82
2010,2010s,41.4,4.91
2010,2010s,98.4,6.61
2010,2010s,44.6,4.61
2010,2010s,65.3,5.13
2010,2010s,104.3,6.0
2010,2010s,42.4,4.28
2010,2010s,126.7,6.81
2010,2010s,28.5,3.45
2010,2010s,74.8,5.79
2010,2010s,119.9,7.28
2010,2010s,98.4,6.08
2010,2010s,252.6,6.23
2010,2010s,33.8,3.53
2010,2010s,21.3,3.63
2010,2010s,28.5,3.72
2010,2010s,98.5,6.41
2010,2010s,87.2,5.66
2010,2010s,64.8,5.51
2010,2010s,25.8,3.55
2010,2010s,106.6,6.01
2010,2010s,23.9,3.36
2010,2010s,143.1,6.27
2010,2010s,511.5,7.4
2010,2010s,79.0,5.61
2010,2010s,92.9,6.21
2010,2010s,41.5,4.16
2010,2010s,15.4,2.65
2010,2010s,38.2,4.12
2010,2010s,26.4,4.02
2010,2010s,20.3,3.12
2010,2010s,218.4,6.4
2010,2010s,73.6,5.54
2010,2010s,79.8,5.83
2010,2010s,47.6,5.18
2010,2010s,52.7,4.92
2010,2010s,123.7,6.81
2010,2010s,58.6,5.26
2010,2010s,89.3,5.5
2010,2010s,51.8,4.43
2010,2010s,46.4,4.17
2010,2010s,20.9,2.87
2010,2010s,13.6,3.19
2010,2010s,49.3,4.77
2010,2010s,62.6,5.18
2010,2010s,22.9,2.53
2010,2010s,58.5,5.73
2010,2010s,62.5,4.83
2010,2010s,11.9,3.52
2010,2010s,30.2,3.32
2010,2010s,81.4,5.42
2010,2010s,80.2,4.9
2010,2010s,25.3,3.7
2010,2010s,67.6,4.92
2010,2010s,129.2,6.26
2010,2010s,107.5,5.81
2010,2010s,55.9,5.19
2010,2010s,42.2,4.63
2010,2010s,37.4,4.8
2010,2010s,85.2,5.56
2010,2010s,69.5,5.44
2010,2010s,96.2,5.61
2010,2010s,66.2,5.15
2010,2010s,110.9,6.17
2010,2010s,64.4,5.37
2010,2010s,108.1,6.65
2010,2010s,115.3,6.78
2010,2010s,32.8,3.66
2010,2010s,15.5,3.37
2010,2010s,190.9,6.69
2010,2010s,72.7,5.35
2010,2010s,16.6,2.84
2010,2010s,35.1,3.87
2010,2010s,107.0,6.89
2010,2010s,48.6,4.75
2010,2010s,40.9,4.38
2010,2010s,171.6,6.61
2010,2010s,27.4,4.54
2010,2010s,33.0,4.42
2010,2010s,70.3,5.14
2010,2010s,80.4,5.58
2010,2010s,87.1,5.77
2010,2010s,118.8,6.56
2010,2010s,69.6,5.13
2010,2010s,86.6,5.99
2010,2010s,49.4,5.18
2010,2010s,62.9,4.7
2010,2010s,65.0,4.83
2010,2010s,70.5,5.23
2010,2010s,107.1,6.13
2010,2010s,91.0,6.64
2010,2010s,62.0,5.48
2010,2010s,32.7,4.28
2010,2010s,63.1,5.07
2010,2010s,58.8,4.92
2010,2010s,69.4,4.85
2010,2010s,314.0,6.98
2010,2010s,40.5,4.48
2010,2010s,82.4,6.18
2010,2010s,133.7,6.59
2010,2010s,64.6,5.16
2010,2010s,346.4,6.76
2010,2010s,45.2,4.82
2010,2010s,76.5,5.06
2010,2010s,33.0,4.22
2010,2010s,46.1,4.53
2010,2010s,72.3,5.08
2010,2010s,113.2,5.66
2010,2010s,76.2,5.52
2010,2010s,154.3,7.2
2010,2010s,55.9,5.5
2010,2010s,46.8,4.69
2010,2010s,455.9,7.39
2010,2010s,80.6,5.67
2010,2010s,35.0,4.39
2010,2010s,35.6,3.93
2010,2010s,29.6,3.61
2010,2010s,121.1,6.31
2010,2010s,45.7,3.8
2010,2010s,66.0,5.71
2010,2010s,57.2,4.74
2010,2010s,103.9,5.94
2010,2010s,31.8,3.49
2010,2010s,26.8,3.58
2010,2010s,71.0,6.03
2010,2010s,94.2,6.75
2010,2010s,77.0,5.0
2010,2010s,32.7,3.82
2010,2010s,99.7,5.77
2010,2010s,34.3,4.37
2010,2010s,40.6,4.41
2010,2010s,29.6,3.57
2010,2010s,159.2,6.72
2010,2010s,96.5,5.9
2010,2010s,94.5,6.58
2010,2010s,152.9,6.89
2010,2010s,494.6,6.94
2010,2010s,16.7,2.16
2010,2010s,34.5,4.01
2010,2010s,37.8,4.91
2010,2010s,31.7,4.36
2010,2010s,26.7,3.0
2010,2010s,47.9,4.5
2010,2010s,24.1,3.09
2010,2010s,77.1,6.19
2010,2010s,62.4,5.23
2010,2010s,86.1,5.55
2010,2010s,87.8,5.88
2010,2010s,94.3,5.1
2010,2010s,45.3,4.13
2010,2010s,294.5,6.72
2010,2010s,71.5,5.72
2010,2010s,14.8,2.3
2010,2010s,28.3,3.59
2010,2010s,16.3,3.42
2010,2010s,60.8,4.58
2010,2010s,54.8,4.96
2010,2010s,42.2,4.4
2010,2010s,271.1,7.3
2010,2010s,90.6,5.85
2010,2010s,103.4,6.15
2010,2010s,29.8,4.11
2010,2010s,28.4,3.27
2010,2010s,61.7,5.04
2010,2010s,68.3,5.17
2010,2010s,14.9,2.94
2010,2010s,52.4,5.08
2010,2010s,60.6,5.28
2010,2010s,51.1,4.47
2010,2010s,32.6,3.99
2011,2010s,40.0,4.81
2011,2010s,52.5,4.5
2011,2010s,64.2,5.25
2011,2010s,94.4,5.95
2011,2010s,135.0,6.64
2011,2010s,48.1,4.05
2011,2010s,42.6,4.89
2011,2010s,83.3,5.48
2011,2010s,94.9,6.39
2011,2010s,43.3,4.21
2011,2010s,108.5,6.09
2011,2010s,125.1,7.02
2011,2010s,158.1,7.05
2011,2010s,227.7,6.78
2011,2010s,31.3,4.15
2011,2010s,60.6,4.98
2011,2010s,60.5,5.07
2011,2010s,55.7,4.68
2011,2010s,36.9,4.46
2011,2010s,19.7,3.02
2011,2010s,64.3,5.72
2011,2010s,33.7,3.88
2011,2010s,64.0,5.2
2011,2010s,33.1,4.23
2011,2010s,26.3,3.63
2011,2010s,71.5,5.32
2011,2010s,67.2,5.29
2011,2010s,92.6,6.29
2011,2010s,309.1,6.47
2011,2010s,73.9,5.45
2011,2010s,86.3,5.83
2011,2010s,26.7,3.95
2011,2010s,22.9,3.41
2011,2010s,196.7,7.34
2011,2010s,30.0,3.76
2011,2010s,27.4,3.6
2011,2010s,58.3,4.94
2011,2010s,56.1,4.46
2011,2010s,30.5,3.48
2011,2010s,47.7,4.42
2011,2010s,150.9,7.09
2011,2010s,32.8,3.94
2011,2010s,21.1,3.17
2011,2010s,121.7,6.99
2011,2010s,86.8,6.38
2011,2010s,37.7,4.62
2011,2010s,18.3,2.89
2011,2010s,34.3,3.85
2011,2010s,57.6,5.61
2011,2010s,143.8,6.77
2011,2010s,27.6,3.6
2011,2010s,56.3,5.18
2011,2010s,99.6,6.48
2011,2010s,10.1,2.49
2011,2010s,130.3,6.72
2011,2010s,24.7,3.87
2011,2010s,77.0,5.18
2011,2010s,72.2,5.45
2011,2010s,135.3,6.28
2011,2010s,90.7,5.59
2011,2010s,10.1,2.49
2011,2010s,33.3,4.14
2011,2010s,66.6,5.16
2011,2010s,51.8,4.54
2011,2010s,85.8,5.83
2011,2010s,108.5,5.9
2011,2010s,94.7,6.17
2011,2010s,51.1,5.13
2011,2010s,15.0,2.97
2011,2010s,42.6,4.33
2011,2010s,82.0,5.85
2011,2010s,26.5,2.92
2011,2010s,96.3,6.25
2011,2010s,118.6,7.59
2011,2010s,66.0,5.21
2011,2010s,6.0,2.38
2011,2010s,23.0,3.71
2011,2010s,246.9,7.28
2011,2010s,39.8,4.62
2011,2010s,13.5,2.15
2011,2010s,151.5,6.89
2011,2010s,60.6,5.98
2011,2010s,137.4,6.89
2011,2010s,73.9,5.09
2011,2010s,84.6,5.88
2011,2010s,78.8,5.19
2011,2010s,101.2,6.6
2011,2010s,331.1,6.37
2011,2010s,124.3,6.62
2011,2010s,18.3,2.89
2011,2010s,83.9,5.58
2011,2010s,141.2,7.2
2011,2010s,147.9,6.73
2011,2010s,43.6,4.24
2011,2010s,143.7,6.29
2011,2010s,120.3,5.88
2011,2010s,413.1,6.26
2011,2010s,34.2,4.06
2011,2010s,41.0,4.67
2011,2010s,47.7,4.41
2011,2010s,41.5,4.9
2011,2010s,30.8,3.6
2011,2010s,7.6,2.44
2011,2010s,43.3,4.05
2011,2010s,79.2,5.99
2011,2010s,41.4,5.08
2011,2010s,256.2,6.09
2011,2010s,60.6,4.96
2011,2010s,158.0,7.14
2011,2010s,73.0,4.96
2011,2010s,111.5,6.56
2011,2010s,74.0,5.93
2011,2010s,167.5,6.73
2011,2010s,62.6,5.34
2011,2010s,87.0,6.46
2011,2010s,79.0,6.32
2011,2010s,48.3,4.61
2011,2010s,81.3,5.51
2011,2010s,320.6,6.38
2011,2010s,49.0,5.0
2011,2010s,82.2,5.24
2011,2010s,154.1,6.61
2011,2010s,141.1,6.72
2011,2010s,60.5,4.9
2011,2010s,10.0,2.78
2011,2010s,88.4,6.78
2011,2010s,11.4,2.72
2011,2010s,180.7,6.55
2011,2010s,68.1,5.68
2011,2010s,127.0,6.7
2011,2010s,30.5,4.34
2011,2010s,18.7,3.27
2011,2010s,73.0,5.38
2011,2010s,58.5,4.38
2011,2010s,41.5,3.78
2011,2010s,63.9,4.55
2011,2010s,478.1,6.84
2011,2010s,112.2,5.9
2011,2010s,131.8,7.09
2011,2010s,113.0,6.4
2011,2010s,182.0,6.62
2011,2010s,52.0,4.48
2011,2010s,12.8,3.08
2011,2010s,52.1,4.49
2011,2010s,110.3,5.99
2011,2010s,29.0,4.18
2011,2010s,52.6,4.92
2011,2010s,35.7,4.01
2011,2010s,185.1,6.93
2011,2010s,105.3,6.25
2011,2010s,97.8,6.23
2011,2010s,95.6,5.76
2011,2010s,58.3,5.73
2011,2010s,69.6,5.17
2011,2010s,24.7,4.08
2011,2010s,11.6,2.72
2011,2010s,67.1,5.58
2011,2010s,76.5,5.83
2011,2010s,148.6,7.09
2011,2010s,195.0,6.41
2011,2010s,194.8,7.08
2011,2010s,28.4,4.38
2011,2010s,46.1,4.45
2011,2010s,86.0,5.83
2011,2010s,400.7,6.52
2011,2010s,182.1,6.58
2011,2010s,138.9,7.28
2011,2010s,44.9,4.14
2011,2010s,30.9,3.53
2011,2010s,108.4,6.87
2011,2010s,26.3,3.84
2011,2010s,50.2,5.44
2011,2010s,55.1,4.73
2011,2010s,198.2,6.75
2011,2010s,46.0,4.3
2011,2010s,9.6,2.71
2011,2010s,87.6,5.24
2011,2010s,35.5,4.32
2011,2010s,61.9,5.24
2011,2010s,56.2,4.91
2011,2010s,48.9,4.51
2011,2010s,108.5,5.99
2011,2010s,19.0,3.48
2011,2010s,40.7,3.9
2011,2010s,100.2,6.32
2011,2010s,37.9,4.91
2011,2010s,18.0,3.69
2011,2010s,99.1,5.59
2011,2010s,139.3,6.49
2011,2010s,58.0,5.14
2011,2010s,13.8,2.89
2011,2010s,101.9,5.69
2011,2010s,17.3,3.26
2011,2010s,75.6,5.54
2011,2010s,30.8,4.53
2011,2010s,25.1,3.48
2011,2010s,43.1,4.82
2011,2010s,52.3,4.34
2011,2010s,37.0,3.79
2011,2010s,93.3,6.25
2012,2010s,42.9,4.79
2012,2010s,125.1,6.27
2012,2010s,74.1,5.51
2012,2010s,35.6,3.6
2012,2010s,31.3,3.82
2012,2010s,17.4,3.43
2012,2010s,74.6,5.37
2012,2010s,46.0,4.45
2012,2010s,10.1,2.29
2012,2010s,40.1,4.06
2012,2010s,30.5,4.46
2012,2010s,195.6,6.73
2012,2010s,16.7,2.74
2012,2010s,20.4,3.19
2012,2010s,137.9,6.12
2012,2010s,166.0,6.35
2012,2010s,34.3,4.5
2012,2010s,37.3,4.11
2012,2010s,95.3,6.7
2012,2010s,10.5,2.68
2012,2010s,14.9,2.97
2012,2010s,48.6,4.87
2012,2010s,191.9,5.77
2012,2010s,43.3,4.49
2012,2010s,64.7,5.2
2012,2010s,140.4,7.2
2012,2010s,291.3,7.04
2012,2010s,38.9,3.84
2012,2010s,59.2,5.47
2012,2010s,235.3,6.61
2012,2010s,19.2,2.92
2012,2010s,129.7,6.71
2012,2010s,28.0,3.64
2012,2010s,64.8,5.76
2012,2010s,50.0,4.82
2012,2010s,29.2,3.85
2012,2010s,28.7,4.06
2012,2010s,73.8,5.88
2012,2010s,126.6,6.89
2012,2010s,54.4,5.36
2012,2010s,63.2,5.38
2012,2010s,92.1,6.02
2012,2010s,29.0,4.19
2012,2010s,104.5,6.2
2012,2010s,110.9,6.36
2012,2010s,422.9,7.3
2012,2010s,45.3,5.07
2012,2010s,42.6,4.39
2012,2010s,106.8,6.12
2012,2010s,110.9,6.86
2012,2010s,40.2,4.57
2012,2010s,44.3,4.58
2012,2010s,90.0,5.81
2012,2010s,32.3,4.04
2012,2010s,44.1,4.45
2012,2010s,64.2,4.97
2012,2010s,126.6,6.66
2012,2010s,38.1,4.29
2012,2010s,15.1,2.86
2012,2010s,14.3,3.26
2012,2010s,23.3,3.92
2012,2010s,22.4,3.76
2012,2010s,53.4,4.73
2012,2010s,24.6,3.8
2012,2010s,35.4,4.1
2012,2010s,33.6,3.56
2012,2010s,43.1,4.65
2012,2010s,161.8,6.75
2012,2010s,98.6,7.02
2012,2010s,60.7,5.6
2012,2010s,42.5,4.64
2012,2010s,43.4,4.51
2012,2010s,76.7,5.63
2012,2010s,93.0,5.63
2012,2010s,30.4,3.22
2012,2010s,61.7,4.81
2012,2010s,13.1,2.86
2012,2010s,70.3,4.66
2012,2010s,106.3,6.07
2012,2010s,48.6,4.56
2012,2010s,234.3,6.63
2012,2010s,31.0,3.63
2012,2010s,70.6,5.28
2012,2010s,58.4,5.61
2012,2010s,55.7,5.14
2012,2010s,55.1,4.69
2012,2010s,65.0,5.2
2012,2010s,113.3,6.38
2012,2010s,168.6,6.43
2012,2010s,59.9,4.79
2012,2010s,110.6,6.7
2012,2010s,35.4,3.93
2012,2010s,106.6,5.89
2012,2010s,33.9,3.99
2012,2010s,136.0,6.71
2012,2010s,314.9,6.01
2012,2010s,54.8,4.86
2012,2010s,11.6,3.09
2012,2010s,39.8,4.43
2012,2010s,151.1,7.48
2012,2010s,90.8,6.37
2012,2010s,72.3,5.96
2012,2010s,127.8,7.6
2012,2010s,86.3,6.09
2012,2010s,149.6,6.75
2012,2010s,119.6,6.87
2012,2010s,187.8,6.51
2012,2010s,78.5,5.66
2012,2010s,118.3,6.27
2012,2010s,47.7,4.74
2012,2010s,38.2,3.97
2012,2010s,215.8,6.46
2012,2010s,70.6,5.54
2012,2010s,109.7,6.28
2012,2010s,65.8,4.58
2012,2010s,38.6,3.71
2012,2010s,60.5,4.68
2012,2010s,176.2,6.39
2012,2010s,91.0,6.09
2012,2010s,16.6,3.16
2012,2010s,51.1,5.11
2012,2010s,228.4,6.97
2012,2010s,51.1,5.11
2012,2010s,15.5,3.24
2012,2010s,248.2,6.78
2012,2010s,100.1,6.53
2012,2010s,56.9,5.27
2012,2010s,45.4,4.64
2012,2010s,135.1,7.11
2012,2010s,40.0,3.46
2012,2010s,142.0,6.58
2012,2010s,90.1,5.81
2012,2010s,72.1,5.85
2012,2010s,66.9,5.84
2012,2010s,52.6,4.29
2012,2010s,131.4,7.14
2012,2010s,31.4,3.47
2012,2010s,17.8,2.76
2012,2010s,95.1,5.95
2012,2010s,96.3,5.95
2012,2010s,86.0,5.28
2012,2010s,81.5,5.93
2012,2010s,47.2,4.82
2012,2010s,108.3,6.67
2012,2010s,58.0,4.84
2012,2010s,41.6,4.34
2012,2010s,47.5,4.59
2012,2010s,273.1,7.29
2012,2010s,16.3,2.08
2012,2010s,87.3,5.52
2012,2010s,17.0,3.11
2012,2010s,55.3,4.52
2012,2010s,43.3,4.34
2012,2010s,12.6,2.8
2012,2010s,80.3,5.44
2012,2010s,45.1,4.52
2012,2010s,12.4,3.05
2012,2010s,112.6,6.3
2012,2010s,176.0,6.54
2012,2010s,183.4,6.64
2012,2010s,78.5,5.62
2012,2010s,62.1,4.52
2012,2010s,162.5,6.86
2012,2010s,211.9,6.54
2012,2010s,140.4,7.12
2012,2010s,29.6,4.0
2012,2010s,69.8,5.79
2012,2010s,83.4,5.4
2012,2010s,15.4,2.89
2012,2010s,85.3,5.37
2012,2010s,330.0,6.46
2012,2010s,97.0,6.51
2012,2010s,181.2,7.22
2012,2010s,68.8,4.94
2012,2010s,56.8,4.79
2012,2010s,79.9,5.64
2012,2010s,32.5,4.14
2012,2010s,29.1,3.15
2012,2010s,155.1,6.14
2012,2010s,167.9,6.87
2012,2010s,28.5,3.06
2012,2010s,124.0,6.43
2012,2010s,56.2,4.98
2012,2010s,77.4,5.74
2012,2010s,84.7,5.74
2012,2010s,126.5,6.49
2012,2010s,63.8,5.48
2012,2010s,172.8,6.8
2012,2010s,75.7,5.32
2012,2010s,95.8,6.06
2012,2010s,32.1,4.05
2012,2010s,302.9,7.3
2012,2010s,85.3,6.08
2012,2010s,102.4,6.61
2012,2010s,18.0,2.95
2012,2010s,32.4,3.75
2012,2010s,151.8,6.61
2012,2010s,74.4,5.46
2012,2010s,14.3,2.6
2012,2010s,130.7,7.09
2013,2010s,39.9,4.59
2013,2010s,172.9,6.59
2013,2010s,56.2,5.15
2013,2010s,70.0,5.46
2013,2010s,145.3,6.94
2013,2010s,30.6,3.37
2013,2010s,28.5,3.69
2013,2010s,51.8,4.74
2013,2010s,111.6,6.58
2013,2010s,22.1,3.18
2013,2010s,17.2,2.25
2013,2010s,111.3,5.98
2013,2010s,38.2,4.18
2013,2010s,44.7,4.51
2013,2010s,14.9,3.58
2013,2010s,36.1,4.31
2013,2010s,59.7,5.08
2013,2010s,120.6,6.53
2013,2010s,33.6,4.38
2013,2010s,208.0,6.5
2013,2010s,35.9,4.05
2013,2010s,35.9,3.72
2013,2010s,190.1,7.2
2013,2010s,70.3,5.53
2013,2010s,39.7,4.02
2013,2010s,53.4,4.78
2013,2010s,165.5,6.88
2013,2010s,180.2,6.61
2013,2010s,32.5,3.75
2013,2010s,58.1,4.77
2013,2010s,64.2,5.32
2013,2010s,28.6,3.62
2013,2010s,57.5,4.82
2013,2010s,60.2,4.6
2013,2010s,141.1,6.71
2013,2010s,148.4,6.63
2013,2010s,46.9,4.46
2013,2010s,51.1,4.81
2013,2010s,98.7,6.37
2013,2010s,38.7,4.47
2013,2010s,93.3,6.19
2013,2010s,56.2,4.84
2013,2010s,29.0,3.57
2013,2010s,29.3,3.41
2013,2010s,177.6,6.49
2013,2010s,53.4,4.83
2013,2010s,205.3,6.43
2013,2010s,40.8,4.35
2013,2010s,74.6,5.18
2013,2010s,361.0,6.12
2013,2010s,27.1,3.96
2013,2010s,14.5,2.79
2013,2010s,157.5,6.41
2013,2010s,32.3,3.54
2013,2010s,59.1,5.18
2013,2010s,38.7,4.7
2013,2010s,73.4,5.34
2013,2010s,29.4,3.71
2013,2010s,52.4,5.16
2013,2010s,84.1,5.14
2013,2010s,28.2,4.41
2013,2010s,35.5,4.93
2013,2010s,46.2,3.6
2013,2010s,20.5,3.28
2013,2010s,43.7,4.19
2013,2010s,65.6,5.15
2013,2010s,44.5,4.33
2013,2010s,49.0,4.94
2013,2010s,59.1,4.99
2013,2010s,36.7,3.81
2013,2010s,100.7,6.09
2013,2010s,176.1,6.88
2013,2010s,42.4,3.97
2013,2010s,86.3,5.25
2013,2010s,50.1,5.4
2013,2010s,78.9,5.41
2013,2010s,194.2,6.65
2013,2010s,87.9,5.73
2013,2010s,15.9,3.24
2013,2010s,84.3,6.4
2013,2010s,151.3,6.9
2013,2010s,50.8,4.2
2013,2010s,126.6,6.13
2013,2010s,35.8,3.95
2013,2010s,19.7,3.17
2013,2010s,66.7,4.68
2013,2010s,16.1,3.34
2013,2010s,50.1,4.32
2013,2010s,157.5,7.22
2013,2010s,14.3,3.59
2013,2010s,23.0,3.36
2013,2010s,27.7,3.85
2013,2010s,57.2,4.53
2013,2010s,45.6,4.74
2013,2010s,171.3,6.53
2013,2010s,122.7,6.19
2013,2010s,87.0,5.74
2013,2010s,66.9,5.12
2013,2010s,80.6,5.57
2013,2010s,31.4,4.22
2013,2010s,114.1,6.13
2013,2010s,26.1,4.22
2013,2010s,112.3,5.91
2013,2010s,146.1,7.26
2013,2010s,70.3,5.03
2013,2010s,52.6,4.79
2013,2010s,81.0,5.52
2013,2010s,7.0,2.37
2013,2010s,75.3,5.82
2013,2010s,55.1,5.41
2013,2010s,57.8,5.4
2013,2010s,101.9,6.04
2013,2010s,56.7,5.01
2013,2010s,25.5,3.31
2013,2010s,54.0,4.5
2013,2010s,63.1,4.76
2013,2010s,65.4,5.09
2013,2010s,67.7,5.4
2013,2010s,130.8,5.98
2013,2010s,26.6,3.62
2013,2010s,68.5,5.87
2013,2010s,157.9,7.09
2013,2010s,16.3,2.87
2013,2010s,68.7,4.85
2013,2010s,38.7,4.38
2013,2010s,45.4,3.7
2013,2010s,30.4,4.22
2013,2010s,52.8,4.73
2013,2010s,238.7,7.34
2013,2010s,23.2,2.86
2013,2010s,25.0,3.88
2013,2010s,22.6,3.39
2013,2010s,219.2,6.59
2013,2010s,42.4,3.91
2013,2010s,58.9,5.23
2013,2010s,44.4,4.71
2013,2010s,29.5,4.42
2013,2010s,50.3,5.06
2013,2010s,379.2,6.49
2013,2010s,170.4,6.35
2013,2010s,31.6,3.42
2013,2010s,97.5,6.6
2013,2010s,32.2,3.65
2013,2010s,15.8,3.56
2013,2010s,128.9,6.82
2013,2010s,143.2,6.8
2013,2010s,131.5,6.54
2013,2010s,42.2,4.61
2013,2010s,52.9,4.8
2013,2010s,105.3,6.12
2013,2010s,80.5,5.92
2013,2010s,44.7,4.43
2013,2010s,17.8,2.88
2013,2010s,65.3,5.45
2013,2010s,134.8,6.64
2013,2010s,24.4,3.7
2013,2010s,96.9,5.91
2013,2010s,76.9,5.16
2013,2010s,105.3,6.85
2013,2010s,115.4,6.97
2013,2010s,35.6,4.39
2013,2010s,17.8,3.02
2013,2010s,40.2,4.19
2013,2010s,116.9,6.95
2013,2010s,40.0,4.16
2013,2010s,35.7,3.86
2013,2010s,15.3,3.67
2013,2010s,223.4,6.69
2013,2010s,111.5,6.98
2013,2010s,106.9,5.79
2013,2010s,124.0,6.77
2013,2010s,92.5,6.7
2013,2010s,50.0,4.7
2013,2010s,53.1,4.72
2013,2010s,43.5,4.03
2013,2010s,432.9,7.08
2013,2010s,91.0,5.67
2013,2010s,42.4,4.35
2013,2010s,85.1,5.37
2013,2010s,28.1,4.26
2013,2010s,185.4,7.11
2013,2010s,36.5,4.12
2013,2010s,87.4,5.45
2013,2010s,133.5,7.2
2013,2010s,80.1,5.54
2013,2010s,64.4,4.82
2013,2010s,60.5,4.46
2013,2010s,57.5,4.75
2013,2010s,38.9,3.73
2013,2010s,42.8,4.19
2013,2010s,182.0,6.96
2013,2010s,55.3,4.76
2013,2010s,33.3,4.1
2013,2010s,40.7,4.06
2013,2010s,137.0,6.69
2013,2010s,99.6,6.8
2013,2010s,91.3,5.83
2013,2010s,49.5,4.81
2013,2010s,92.2,5.42
2013,2010s,37.0,4.68
2014,2010s,49.4,4.5
2014,2010s,124.2,6.96
2014,2010s,115.6,6.4
2014,2010s,28.7,3.96
2014,2010s,31.6,4.13
2014,2010s,65.1,5.07
2014,2010s,219.0,7.08
2014,2010s,14.3,2.68
2014,2010s,73.9,5.77
2014,2010s,21.4,3.22
2014,2010s,37.3,4.28
2014,2010s,45.7,4.36
2014,2010s,43.8,4.46
2014,2010s,40.2,3.91
2014,2010s,60.3,5.16
2014,2010s,40.2,4.3
2014,2010s,20.0,3.1
2014,2010s,107.7,6.27
2014,2010s,105.5,6.3
2014,2010s,112.9,6.17
2014,2010s,18.9,3.17
2014,2010s,75.1,5.18
2014,2010s,99.6,6.95
2014,2010s,27.7,4.07
2014,2010s,60.4,5.17
2014,2010s,55.0,5.29
2014,2010s,238.9,6.01
2014,2010s,254.1,5.81
2014,2010s,17.2,2.98
2014,2010s,389.5,6.22
2014,2010s,30.2,3.74
2014,2010s,125.2,6.67
2014,2010s,124.2,6.91
2014,2010s,28.4,3.34
2014,2010s,86.9,5.98
2014,2010s,55.4,4.9
2014,2010s,90.9,6.06
2014,2010s,71.3,5.24
2014,2010s,147.2,7.18
2014,2010s,63.5,5.14
2014,2010s,52.9,5.43
2014,2010s,136.5,6.39
2014,2010s,92.7,6.24
2014,2010s,103.9,6.2
2014,2010s,36.4,4.01
2014,2010s,27.4,3.9
2014,2010s,39.2,4.14
2014,2010s,37.7,3.25
2014,2010s,108.2,5.23
2014,2010s,124.8,7.04
2014,2010s,53.4,5.26
2014,2010s,175.5,7.36
2014,2010s,167.5,6.69
2014,2010s,72.0,4.99
2014,2010s,32.4,3.78
2014,2010s,195.6,6.71
2014,2010s,57.3,4.61
2014,2010s,66.0,5.83
2014,2010s,46.5,5.34
2014,2010s,30.8,4.02
2014,2010s,19.9,3.28
2014,2010s,96.4,5.61
2014,2010s,33.3,4.52
2014,2010s,595.3,6.73
2014,2010s,26.6,3.54
2014,2010s,23.4,3.64
2014,2010s,88.0,5.66
2014,2010s,188.9,6.75
2014,2010s,63.0,4.66
2014,2010s,92.2,6.35
2014,2010s,15.1,2.96
2014,2010s,36.1,4.51
2014,2010s,26.8,3.58
2014,2010s,14.5,2.91
2014,2010s,65.5,4.82
2014,2010s,11.2,3.02
2014,2010s,22.3,3.1
2014,2010s,40.1,4.12
2014,2010s,32.2,3.92
2014,2010s,80.8,5.73
2014,2010s,75.5,4.94
2014,2010s,117.3,6.4
2014,2010s,105.5,6.53
2014,2010s,141.2,6.55
2014,2010s,59.9,4.98
2014,2010s,75.3,5.6
2014,2010s,88.1,5.83
2014,2010s,66.7,4.92
2014,2010s,44.5,4.46
2014,2010s,46.8,4.92
2014,2010s,32.5,3.57
2014,2010s,82.3,5.6
2014,2010s,55.9,4.43
2014,2010s,36.5,4.45
2014,2010s,36.5,4.09
2014,2010s,24.2,3.22
2014,2010s,125.0,6.63
2014,2010s,63.6,4.76
2014,2010s,31.4,3.52
2014,2010s,110.0,5.82
2014,2010s,39.4,3.88
2014,2010s,20.9,3.81
2014,2010s,129.1,6.38
2014,2010s,40.1,4.45
2014,2010s,44.2,4.17
2014,2010s,61.9,5.39
2014,2010s,141.4,6.32
2014,2010s,60.9,5.1
2014,2010s,24.4,3.54
2014,2010s,90.2,6.74
2014,2010s,41.7,4.58
2014,2010s,247.2,6.49
2014,2010s,59.9,5.3
2014,2010s,11.2,3.51
2014,2010s,78.4,5.05
2014,2010s,258.0,6.41
2014,2010s,195.6,6.62
2014,2010s,236.9,6.56
2014,2010s,27.9,3.59
2014,2010s,118.9,6.06
2014,2010s,34.9,4.54
2014,2010s,71.0,4.91
2014,2010s,23.1,3.38
2014,2010s,37.0,4.51
2014,2010s,36.1,4.1
2014,2010s,117.7,6.15
2014,2010s,109.4,5.85
2014,2010s,73.8,5.42
2014,2010s,21.8,3.12
2014,2010s,47.5,4.67
2014,2010s,34.3,3.53
2014,2010s,115.2,6.71
2014,2010s,145.2,6.73
2014,2010s,132.5,6.72
2014,2010s,34.1,4.52
2014,2010s,7.7,2.38
2014,2010s,15.9,2.79
2014,2010s,174.3,6.51
2014,2010s,44.4,4.4
2014,2010s,34.2,3.98
2014,2010s,205.7,6.41
2014,2010s,155.0,5.99
2014,2010s,61.1,4.9
2014,2010s,48.1,4.75
2014,2010s,54.3,4.91
2014,2010s,71.1,5.84
2014,2010s,199.2,7.39
2014,2010s,82.4,5.99
2014,2010s,103.4,6.69
2014,2010s,144.2,6.96
2014,2010s,25.0,4.15
2014,2010s,105.7,6.9
2014,2010s,48.1,4.95
2014,2010s,9.1,2.87
2014,2010s,12.2,2.75
2014,2010s,28.0,3.7
2014,2010s,89.4,5.78
2014,2010s,65.3,5.45
2014,2010s,68.9,5.1
2014,2010s,259.2,6.64
2014,2010s,23.2,2.63
2014,2010s,58.8,5.62
2014,2010s,75.4,5.46
2014,2010s,34.5,4.19
2014,2010s,61.3,5.61
2014,2010s,18.1,3.28
2014,2010s,172.7,7.21
2014,2010s,36.0,3.67
2014,2010s,275.3,7.54
2014,2010s,58.6,5.39
2014,2010s,129.7,6.71
2014,2010s,57.6,5.48
2014,2010s,58.6,4.6
2014,2010s,38.7,4.12
2014,2010s,65.6,5.75
2014,2010s,76.2,4.91
2014,2010s,33.3,4.17
2014,2010s,54.6,5.06
2014,2010s,38.0,4.88
2014,2010s,336.7,6.15
2014,2010s,56.1,5.49
2014,2010s,191.2,6.51
2014,2010s,51.8,4.61
2014,2010s,72.9,5.04
2014,2010s,22.3,3.03
2014,2010s,42.9,4.55
2014,2010s,70.3,5.0
2014,2010s,197.1,6.96
2014,2010s,70.9,5.18
2014,2010s,169.4,6.28
2014,2010s,97.0,5.89
2014,2010s,203.3,6.82
2014,2010s,57.4,4.87
2014,2010s,360.3,6.71
2014,2010s,41.7,4.6
2014,2010s,33.8,4.38
2014,2010s,24.2,3.41
2014,2010s,344.7,6.34
2014,2010s,110.9,6.38
2014,2010s,46.7,4.73
2015,2010s,153.1,6.18
2015,2010s,100.5,5.84
2015,2010s,262.2,6.45
2015,2010s,18.8,3.14
2015,2010s,49.2,4.4
2015,2010s,42.4,4.63
2015,2010s,13.7,2.35
2015,2010s,132.9,6.1
2015,2010s,49.0,4.54
2015,2010s,104.5,6.17
2015,2010s,352.2,6.19
2015,2010s,46.0,4.33
2015,2010s,43.7,4.3
2015,2010s,65.6,5.11
2015,2010s,125.8,6.66
2015,2010s,39.2,4.02
2015,2010s,37.4,4.68
2015,2010s,132.6,6.83
2015,2010s,79.7,5.38
2015,2010s,12.9,2.9
2015,2010s,23.9,3.54
2015,2010s,185.0,7.13
2015,2010s,81.1,5.49
2015,2010s,33.9,4.27
2015,2010s,52.8,4.82
2015,2010s,60.6,5.6
2015,2010s,104.2,6.67
2015,2010s,21.7,3.44
2015,2010s,31.9,3.82
2015,2010s,73.6,5.67
2015,2010s,55.7,4.84
2015,2010s,92.1,6.55
2015,2010s,23.9,3.52
2015,2010s,78.4,5.48
2015,2010s,136.1,6.51
2015,2010s,86.4,5.41
2015,2010s,66.6,5.47
2015,2010s,55.8,4.63
2015,2010s,32.1,4.3
2015,2010s,56.8,4.5
2015,2010s,154.3,6.74
2015,2010s,54.9,5.28
2015,2010s,30.8,3.1
2015,2010s,41.5,5.05
2015,2010s,69.8,5.23
2015,2010s,45.3,4.56
2015,2010s,86.3,6.03
2015,2010s,88.8,6.14
2015,2010s,116.9,6.57
2015,2010s,174.5,7.05
2015,2010s,126.6,6.8
2015,2010s,29.8,4.42
2015,2010s,30.5,4.02
2015,2010s,56.7,5.63
2015,2010s,42.8,4.72
2015,2010s,25.5,2.95
2015,2010s,43.1,5.33
2015,2010s,42.0,4.17
2015,2010s,36.3,4.64
2015,2010s,47.3,4.6
2015,2010s,145.2,7.06
2015,2010s,69.7,5.13
2015,2010s,383.1,6.92
2015,2010s,68.2,5.24
2015,2010s,48.3,5.18
2015,2010s,60.2,5.22
2015,2010s,72.7,5.79
2015,2010s,83.2,4.99
2015,2010s,284.8,6.67
2015,2010s,31.8,4.05
2015,2010s,114.3,6.49
2015,2010s,70.1,5.72
2015,2010s,18.5,3.07
2015,2010s,107.0,6.29
2015,2010s,155.3,7.11
2015,2010s,31.5,3.09
2015,2010s,59.6,5.25
2015,2010s,16.5,2.96
2015,2010s,23.3,3.15
2015,2010s,131.7,6.77
2015,2010s,42.3,4.81
2015,2010s,26.1,3.98
2015,2010s,71.3,5.37
2015,2010s,40.5,4.61
2015,2010s,42.1,4.68
2015,2010s,104.5,6.2
2015,2010s,25.1,3.32
2015,2010s,30.4,3.61
2015,2010s,67.4,5.59
2015,2010s,124.1,6.58
2015,2010s,151.9,6.33
2015,2010s,36.4,3.53
2015,2010s,121.2,6.84
2015,2010s,33.3,3.78
2015,2010s,236.0,6.82
2015,2010s,25.6,4.02
2015,2010s,162.5,6.24
2015,2010s,36.7,4.12
2015,2010s,271.6,6.64
2015,2010s,93.5,6.13
2015,2010s,28.0,4.15
2015,2010s,40.6,3.84
2015,2010s,107.8,6.49
2015,2010s,132.1,7.01
2015,2010s,56.9,4.89
2015,2010s,62.0,5.08
2015,2010s,106.0,6.4
2015,2010s,66.2,5.39
2015,2010s,22.7,3.64
2015,2010s,32.6,4.14
2015,2010s,71.6,5.09
2015,2010s,149.3,7.04
2015,2010s,201.6,7.11
2015,2010s,107.7,6.36
2015,2010s,74.4,4.99
2015,2010s,105.2,6.2
2015,2010s,36.4,4.19
2015,2010s,53.5,4.43
2015,2010s,32.3,3.8
2015,2010s,23.5,2.98
2015,2010s,77.1,5.8
2015,2010s,69.0,5.41
2015,2010s,100.5,5.57
2015,2010s,90.4,6.05
2015,2010s,72.0,5.42
2015,2010s,91.1,6.12
2015,2010s,58.1,4.86
2015,2010s,81.8,5.43
2015,2010s,34.8,3.78
2015,2010s,79.2,5.46
2015,2010s,99.1,6.13
2015,2010s,36.3,4.17
2015,2010s,62.4,5.07
2015,2010s,37.6,4.03
2015,2010s,40.4,4.18
2015,2010s,25.8,4.48
2015,2010s,155.0,6.43
2015,2010s,133.4,6.46
2015,2010s,89.8,7.06
2015,2010s,263.4,6.85
2015,2010s,52.1,4.29
2015,2010s,583.0,7.0
2015,2010s,50.6,4.4
2015,2010s,72.7,5.78
2015,2010s,44.5,4.4
2015,2010s,79.3,5.49
2015,2010s,112.3,6.94
2015,2010s,55.1,5.08
2015,2010s,227.4,7.04
2015,2010s,71.8,5.59
2015,2010s,73.5,5.33
2015,2010s,30.3,4.04
2015,2010s,82.1,6.15
2015,2010s,54.3,4.9
2015,2010s,38.0,4.82
2015,2010s,33.5,4.28
2015,2010s,445.0,6.78
2015,2010s,49.2,4.75
2015,2010s,20.1,3.34
2015,2010s,35.5,3.64
2015,2010s,57.7,4.95
2015,2010s,90.4,6.0
2015,2010s,91.0,5.79
2015,2010s,99.7,6.25
2015,2010s,37.0,4.15
2015,2010s,77.5,5.87
2015,2010s,31.1,4.1
2015,2010s,37.7,4.24
2015,2010s,30.1,3.34
2015,2010s,24.6,4.16
2015,2010s,133.3,6.61
2015,2010s,100.6,6.12
2015,2010s,124.8,6.48
2015,2010s,61.8,4.95
2015,2010s,107.4,6.83
2015,2010s,16.0,3.54
2015,2010s,114.6,6.57
2015,2010s,68.5,5.3
2015,2010s,96.0,6.27
2015,2010s,79.8,5.69
2015,2010s,28.6,3.68
2015,2010s,19.5,3.37
2015,2010s,35.2,3.91
2015,2010s,91.7,6.04
2015,2010s,100.7,6.22
2015,2010s,21.5,3.58
2015,2010s,28.7,3.53
2015,2010s,34.9,4.3
2015,2010s,45.9,4.21
2015,2010s,21.6,3.17
2015,2010s,20.7,3.13
2015,2010s,32.4,3.56
2015,2010s,64.0,5.55
2015,2010s,24.8,3.2
2015,2010s,55.0,4.64
2015,2010s,132.7,7.09
2015,2010s,22.6,3.23
2015,2010s,51.4,4.68
2015,2010s,129.4,6.28
2015,2010s,43.8,4.74
2016,2010s,39.0,4.54
2016,2010s,143.6,6.94
2016,2010s,47.7,4.79
2016,2010s,137.4,6.7
2016,2010s,82.8,5.56
2016,2010s,46.4,4.27
2016,2010s,86.0,6.27
2016,2010s,76.3,5.83
2016,2010s,129.0,6.39
2016,2010s,39.8,4.29
2016,2010s,61.9,5.02
2016,2010s,57.3,4.57
2016,2010s,101.7,6.24
2016,2010s,27.8,3.56
2016,2010s,128.6,6.3
2016,2010s,85.1,5.28
2016,2010s,22.3,2.87
2016,2010s,148.5,6.56
2016,2010s,320.5,6.67
2016,2010s,127.2,6.31
2016,2010s,175.0,6.93
2016,2010s,64.0,5.17
2016,2010s,17.3,3.33
2016,2010s,15.0,2.93
2016,2010s,72.7,5.19
2016,2010s,38.5,4.25
2016,2010s,30.2,3.38
2016,2010s,57.2,5.15
2016,2010s,95.2,5.71
2016,2010s,20.2,3.61
2016,2010s,42.8,4.29
2016,2010s,186.2,7.07
2016,2010s,26.8,3.26
2016,2010s,115.2,6.19
2016,2010s,41.7,4.49
2016,2010s,90.3,6.33
2016,2010s,136.6,7.25
2016,2010s,104.6,6.25
2016,2010s,118.7,7.15
2016,2010s,25.3,3.47
2016,2010s,138.3,7.06
2016,2010s,31.7,3.57
2016,2010s,72.9,5.62
2016,2010s,72.8,4.65
2016,2010s,86.3,5.44
2016,2010s,77.3,5.76
2016,2010s,31.9,3.45
2016,2010s,21.8,3.53
2016,2010s,115.4,6.75
2016,2010s,69.0,5.18
2016,2010s,142.1,6.34
2016,2010s,58.0,4.83
2016,2010s,20.9,3.0
2016,2010s,123.8,6.55
2016,2010s,45.4,4.55
2016,2010s,77.5,5.49
2016,2010s,36.9,4.73
2016,2010s,205.9,6.45
2016,2010s,31.1,4.35
2016,2010s,46.6,4.2
2016,2010s,65.0,5.25
2016,2010s,26.4,4.05
2016,2010s,76.9,5.98
2016,2010s,201.0,6.56
2016,2010s,41.5,4.54
2016,2010s,80.7,5.83
2016,2010s,7.6,2.34
2016,2010s,58.3,5.22
2016,2010s,47.4,5.25
2016,2010s,32.5,4.1
2016,2010s,135.0,6.86
2016,2010s,47.0,4.81
2016,2010s,52.5,4.28
2016,2010s,45.2,4.67
2016,2010s,14.2,2.59
2016,2010s,25.7,3.39
2016,2010s,123.4,7.34
2016,2010s,12.3,2.74
2016,2010s,33.8,3.74
2016,2010s,44.5,4.88
2016,2010s,221.9,6.37
2016,2010s,106.8,6.12
2016,2010s,39.5,4.7
2016,2010s,159.6,6.71
2016,2010s,34.4,3.48
2016,2010s,127.9,6.82
2016,2010s,21.7,3.24
2016,2010s,134.2,7.2
2016,2010s,44.2,4.25
2016,2010s,27.7,4.07
2016,2010s,51.0,5.35
2016,2010s,73.9,5.2
2016,2010s,41.4,4.28
2016,2010s,90.9,6.07
2016,2010s,38.7,3.93
2016,2010s,95.5,6.14
2016,2010s,83.6,5.68
2016,2010s,57.3,4.88
2016,2010s,43.1,4.43
2016,2010s,67.2,5.32
2016,2010s,90.7,5.99
2016,2010s,281.7,6.49
2016,2010s,121.4,6.36
2016,2010s,124.8,6.56
2016,2010s,600.0,6.69
2016,2010s,88.4,5.72
2016,2010s,86.3,5.94
2016,2010s,101.7,5.54
2016,2010s,28.2,3.46
2016,2010s,43.0,4.31
2016,2010s,41.0,4.03
2016,2010s,97.5,6.66
2016,2010s,52.7,4.8
2016,2010s,66.6,5.34
2016,2010s,135.6,6.5
2016,2010s,114.6,6.41
2016,2010s,53.1,4.39
2016,2010s,36.3,4.06
2016,2010s,140.6,6.35
2016,2010s,107.2,6.18
2016,2010s,18.0,2.27
2016,2010s,47.4,4.2
2016,2010s,67.9,5.83
2016,2010s,107.6,6.58
2016,2010s,118.7,6.97
2016,2010s,74.2,5.99
2016,2010s,93.1,6.22
2016,2010s,63.0,5.0
2016,2010s,36.2,3.75
2016,2010s,49.3,5.07
2016,2010s,60.9,5.11
2016,2010s,58.5,5.88
2016,2010s,14.6,2.84
2016,2010s,44.5,5.17
2016,2010s,62.6,5.09
2016,2010s,48.6,5.11
2016,2010s,49.9,5.28
2016,2010s,86.5,5.48
2016,2010s,26.7,3.48
2016,2010s,17.7,2.79
2016,2010s,46.2,4.11
2016,2010s,106.4,6.5
2016,2010s,212.7,6.63
2016,2010s,107.9,6.31
2016,2010s,19.9,3.47
2016,2010s,50.4,4.06
2016,2010s,72.7,5.91
2016,2010s,68.5,5.22
2016,2010s,89.9,6.1
2016,2010s,30.2,4.04
2016,2010s,63.0,5.64
2016,2010s,82.2,5.69
2016,2010s,111.5,5.62
2016,2010s,32.8,3.97
2016,2010s,46.3,4.62
2016,2010s,7.9,2.18
2016,2010s,37.6,4.23
2016,2010s,40.5,4.18
2016,2010s,27.9,3.24
2016,2010s,67.9,5.55
2016,2010s,57.5,4.78
2016,2010s,11.0,2.6
2016,2010s,70.5,5.24
2016,2010s,29.9,4.24
2016,2010s,86.4,5.82
2016,2010s,22.9,3.47
2016,2010s,61.4,4.95
2016,2010s,48.5,4.8
2016,2010s,75.3,6.01
2016,2010s,65.9,5.48
2016,2010s,49.5,4.92
2016,2010s,19.0,3.44
2016,2010s,19.8,2.79
2016,2010s,38.7,3.92
2016,2010s,59.6,4.98
2016,2010s,38.0,3.94
2016,2010s,95.9,5.68
2016,2010s,48.7,3.99
2016,2010s,29.1,3.3
2016,2010s,48.7,4.56
2016,2010s,71.1,5.39
2016,2010s,76.6,5.29
2016,2010s,245.5,6.73
2016,2010s,36.3,3.97
2016,2010s,56.8,5.33
2016,2010s,82.6,5.68
2016,2010s,59.0,5.27
2016,2010s,41.2,4.41
2016,2010s,18.8,2.72
2016,2010s,40.9,4.29
2016,2010s,26.8,3.22
2016,2010s,16.4,3.04
2016,2010s,33.0,3.7
2016,2010s,27.4,3.81
2016,2010s,93.0,5.52
2016,2010s,94.2,6.02
2016,2010s,30.5,4.04
2016,2010s,49.4,4.99
2016,2010s,14.9,2.72
2016,2010s,41.4,4.35
2017,2010s,80.9,5.76
2017,2010s,111.4,6.9
2017,2010s,35.1,3.54
2017,2010s,132.1,6.33
2017,2010s,19.3,4.22
2017,2010s,23.5,3.38
2017,2010s,102.2,5.52
2017,2010s,210.1,6.5
2017,2010s,86.9,4.87
2017,2010s,58.2,5.08
2017,2010s,11.6,3.06
2017,2010s,13.2,2.56
2017,2010s,66.1,5.1
2017,2010s,45.9,4.85
2017,2010s,26.2,3.01
2017,2010s,63.0,4.7
2017,2010s,65.4,5.16
2017,2010s,121.8,6.3
2017,2010s,66.5,5.17
2017,2010s,150.8,6.25
2017,2010s,60.4,5.15
2017,2010s,55.0,4.83
2017,2010s,133.3,6.85
2017,2010s,28.8,3.82
2017,2010s,495.3,6.77
2017,2010s,79.5,5.15
2017,2010s,79.8,5.83
2017,2010s,89.0,5.78
2017,2010s,245.2,6.64
2017,2010s,108.7,6.68
2017,2010s,18.0,2.92
2017,2010s,171.9,7.17
2017,2010s,46.5,5.06
2017,2010s,65.0,5.49
2017,2010s,23.0,3.11
2017,2010s,89.0,5.13
2017,2010s,36.8,4.52
2017,2010s,64.7,5.25
2017,2010s,48.5,4.38
2017,2010s,254.2,7.11
2017,2010s,265.3,6.4
2017,2010s,62.1,4.98
2017,2010s,62.9,5.34
2017,2010s,45.3,4.12
2017,2010s,137.5,6.63
2017,2010s,46.9,4.95
2017,2010s,43.7,4.52
2017,2010s,125.0,7.04
2017,2010s,40.1,4.68
2017,2010s,58.3,5.01
2017,2010s,18.3,2.37
2017,2010s,101.7,5.79
2017,2010s,257.2,6.97
2017,2010s,103.1,5.66
2017,2010s,179.6,6.59
2017,2010s,31.8,4.02
2017,2010s,71.6,5.95
2017,2010s,29.6,3.59
2017,2010s,50.6,4.49
2017,2010s,107.1,6.26
2017,2010s,64.8,5.34
2017,2010s,20.8,3.27
2017,2010s,22.4,3.78
2017,2010s,21.3,3.08
2017,2010s,86.7,5.88
2017,2010s,282.1,6.86
2017,2010s,166.7,6.56
2017,2010s,14.5,3.25
2017,2010s,174.2,6.75
2017,2010s,121.1,6.83
2017,2010s,18.8,3.28
2017,2010s,47.8,4.74
2017,2010s,136.5,6.45
2017,2010s,90.7,5.71
2017,2010s,22.5,3.85
2017,2010s,94.9,6.25
2017,2010s,12.1,2.45
2017,2010s,50.8,4.79
2017,2010s,140.9,5.85
2017,2010s,60.8,4.89
2017,2010s,41.3,4.67
2017,2010s,116.9,6.43
2017,2010s,124.6,6.64
2017,2010s,160.3,5.64
2017,2010s,115.6,6.3
2017,2010s,135.0,6.78
2017,2010s,104.0,6.38
2017,2010s,73.2,5.81
2017,2010s,64.2,5.13
2017,2010s,50.2,4.65
2017,2010s,24.2,3.05
2017,2010s,29.3,3.71
2017,2010s,48.6,4.2
2017,2010s,71.9,4.79
2017,2010s,176.8,6.32
2017,2010s,58.1,5.52
2017,2010s,127.4,6.53
2017,2010s,134.8,6.74
2017,2010s,50.4,4.53
2017,2010s,93.7,5.38
2017,2010s,50.0,5.02
2017,2010s,161.7,5.94
2017,2010s,96.7,5.87
2017,2010s,24.6,3.51
2017,2010s,67.7,5.39
2017,2010s,206.5,6.45
2017,2010s,52.4,4.14
2017,2010s,83.9,5.49
2017,2010s,90.4,5.66
2017,2010s,27.6,3.42
2017,2010s,88.0,6.21
2017,2010s,21.1,2.92
2017,2010s,37.5,4.28
2017,2010s,134.4,6.72
2017,2010s,78.4,5.96
2017,2010s,47.8,4.56
2017,2010s,83.9,6.04
2017,2010s,57.4,4.91
2017,2010s,60.6,5.23
2017,2010s,98.2,5.57
2017,2010s,34.8,3.12
2017,2010s,61.8,5.25
2017,2010s,47.5,4.75
2017,2010s,18.3,3.35
2017,2010s,30.1,3.63
2017,2010s,194.5,7.22
2017,2010s,80.1,5.51
2017,2010s,22.2,3.55
2017,2010s,18.9,3.43
2017,2010s,55.2,5.49
2017,2010s,193.5,6.59
2017,2010s,52.2,4.55
2017,2010s,159.9,6.17
2017,2010s,78.1,6.16
2017,2010s,85.4,5.95
2017,2010s,22.0,3.55
2017,2010s,121.2,7.64
2017,2010s,46.7,4.68
2017,2010s,114.6,5.96
2017,2010s,32.6,3.87
2017,2010s,68.5,5.0
2017,2010s,78.1,5.48
2017,2010s,53.5,4.69
2017,2010s,81.3,5.49
2017,2010s,49.1,4.17
2017,2010s,36.9,4.7
2017,2010s,200.0,6.81
2017,2010s,131.8,6.57
2017,2010s,33.9,4.27
2017,2010s,91.9,6.13
2017,2010s,34.4,4.12
2017,2010s,24.7,3.78
2017,2010s,130.3,6.69
2017,2010s,16.7,3.33
2017,2010s,120.2,6.8
2017,2010s,49.6,4.74
2017,2010s,51.2,4.66
2017,2010s,81.6,6.24
2017,2010s,92.8,5.81
2017,2010s,32.3,4.06
2017,2010s,102.8,6.34
2017,2010s,65.3,5.02
2017,2010s,23.4,3.19
2017,2010s,52.8,4.68
2017,2010s,169.1,6.53
2017,2010s,211.0,6.19
2017,2010s,102.8,5.97
2017,2010s,24.6,3.63
2017,2010s,86.7,6.28
2017,2010s,113.6,6.59
2017,2010s,103.4,5.3
2017,2010s,108.1,6.52
2017,2010s,78.8,5.44
2017,2010s,56.8,5.11
2017,2010s,38.0,4.19
2017,2010s,14.5,2.89
2017,2010s,77.4,5.56
2017,2010s,69.0,5.34
2017,2010s,91.2,6.41
2017,2010s,22.0,3.39
2017,2010s,97.3,6.46
2017,2010s,280.1,7.03
2017,2010s,63.6,5.42
2017,2010s,57.3,4.34
2017,2010s,75.6,5.94
2017,2010s,275.5,6.54
2017,2010s,27.8,3.96
2017,2010s,69.9,5.04
2017,2010s,32.9,3.54
2017,2010s,39.8,4.97
2017,2010s,57.8,4.65
2017,2010s,164.8,7.1
2017,2010s,231.6,6.74
2017,2010s,84.0,5.62
2017,2010s,45.2,4.49
2017,2010s,389.1,6.25
2017,2010s,43.5,4.43
2017,2010s,39.1,3.86
2017,2010s,15.8,2.9
2017,2010s,171.0,7.03
2018,2010s,124.0,6.68
2018,2010s,367.9,6.18
2018,2010s,21.2,3.65
2018,2010s,179.1,6.7
2018,2010s,63.2,4.98
2018,2010s,109.8,6.59
2018,2010s,17.4,3.08
2018,2010s,180.4,6.29
2018,2010s,108.2,6.95
2018,2010s,58.3,4.99
2018,2010s,97.3,6.05
2018,2010s,33.8,3.86
2018,2010s,38.9,4.64
2018,2010s,42.4,4.2
2018,2010s,15.0,2.45
2018,2010s,114.5,6.18
2018,2010s,146.6,7.15
2018,2010s,35.5,4.37
2018,2010s,77.9,5.52
2018,2010s,49.2,5.14
2018,2010s,76.7,5.84
2018,2010s,37.5,4.08
2018,2010s,30.9,3.8
2018,2010s,132.1,6.77
2018,2010s,57.2,4.67
2018,2010s,273.4,6.7
2018,2010s,62.1,5.24
2018,2010s,30.0,3.22
2018,2010s,150.6,6.63
2018,2010s,96.3,5.95
2018,2010s,103.5,6.57
2018,2010s,146.5,6.04
2018,2010s,36.8,4.0
2018,2010s,54.5,4.7
2018,2010s,52.8,5.14
2018,2010s,22.8,3.42
2018,2010s,49.2,5.29
2018,2010s,163.5,6.93
2018,2010s,71.7,5.29
2018,2010s,21.9,3.47
2018,2010s,18.7,3.08
2018,2010s,209.1,7.0
2018,2010s,56.1,4.46
2018,2010s,36.9,3.86
2018,2010s,48.9,4.81
2018,2010s,19.8,3.7
2018,2010s,174.5,5.93
2018,2010s,44.7,4.96
2018,2010s,167.3,6.65
2018,2010s,62.4,4.48
2018,2010s,175.3,5.65
2018,2010s,72.7,4.93
2018,2010s,113.8,6.39
2018,2010s,102.9,6.17
2018,2010s,95.8,6.27
2018,2010s,77.9,5.42
2018,2010s,50.4,4.32
2018,2010s,252.4,6.56
2018,2010s,30.4,3.84
2018,2010s,60.2,5.15
2018,2010s,60.7,4.81
2018,2010s,81.1,6.01
2018,2010s,43.5,4.21
2018,2010s,76.0,5.25
2018,2010s,52.9,4.61
2018,2010s,18.3,3.56
2018,2010s,60.4,5.03
2018,2010s,26.3,3.38
2018,2010s,16.3,3.4
2018,2010s,66.5,6.02
2018,2010s,86.5,5.91
2018,2010s,89.1,6.33
2018,2010s,91.8,6.32
2018,2010s,14.1,2.72
2018,2010s,21.6,3.38
2018,2010s,263.6,6.25
2018,2010s,27.4,3.61
2018,2010s,94.9,5.81
2018,2010s,35.8,3.95
2018,2010s,63.7,4.92
2018,2010s,37.3,4.06
2018,2010s,91.4,6.14
2018,2010s,66.5,5.23
2018,2010s,42.9,3.75
2018,2010s,27.3,3.42
2018,2010s,73.3,4.95
2018,2010s,24.2,3.6
2018,2010s,82.7,5.91
2018,2010s,430.2,6.79
2018,2010s,165.2,6.42
2018,2010s,102.8,6.28
2018,2010s,56.3,4.76
2018,2010s,14.0,2.53
2018,2010s,22.3,3.67
2018,2010s,157.0,6.98
2018,2010s,33.2,4.3
2018,2010s,35.5,3.87
2018,2010s,53.0,5.22
2018,2010s,27.1,3.49
2018,2010s,23.9,3.73
2018,2010s,57.8,4.8
2018,2010s,30.7,3.77
2018,2010s,34.4,3.18
2018,2010s,33.4,3.87
2018,2010s,88.8,5.92
2018,2010s,50.4,4.57
2018,2010s,52.5,5.4
2018,2010s,93.9,5.6
2018,2010s,53.9,4.65
2018,2010s,48.7,4.33
2018,2010s,85.4,5.61
2018,2010s,99.0,6.48
2018,2010s,53.7,5.35
2018,2010s,63.7,4.94
2018,2010s,33.4,3.73
2018,2010s,31.5,3.48
2018,2010s,106.8,6.73
2018,2010s,83.8,6.16
2018,2010s,84.4,5.74
2018,2010s,74.1,5.01
2018,2010s,62.1,4.67
2018,2010s,101.2,6.22
2018,2010s,121.0,6.74
2018,2010s,118.8,5.79
2018,2010s,55.6,4.79
2018,2010s,169.8,7.27
2018,2010s,71.2,5.34
2018,2010s,96.4,6.58
2018,2010s,74.1,5.73
2018,2010s,72.2,5.07
2018,2010s,34.6,3.93
2018,2010s,101.5,6.12
2018,2010s,506.9,6.37
2018,2010s,45.3,4.17
2018,2010s,63.3,5.7
2018,2010s,42.9,4.07
2018,2010s,41.6,4.73
2018,2010s,191.1,6.55
2018,2010s,36.2,4.1
2018,2010s,42.0,4.57
2018,2010s,18.2,2.97
2018,2010s,34.0,4.21
2018,2010s,16.7,2.37
2018,2010s,96.4,6.22
2018,2010s,489.9,5.84
2018,2010s,45.6,4.44
2018,2010s,17.2,3.42
2018,2010s,117.8,6.71
2018,2010s,34.8,3.59
2018,2010s,159.0,6.29
2018,2010s,48.6,4.4
2018,2010s,37.4,4.23
2018,2010s,52.5,4.08
2018,2010s,105.9,6.25
2018,2010s,50.6,4.83
2018,2010s,41.3,4.24
2018,2010s,51.7,4.94
2018,2010s,23.1,3.53
2018,2010s,80.8,5.5
2018,2010s,15.7,2.36
2018,2010s,43.0,4.46
2018,2010s,106.0,5.93
2018,2010s,75.3,5.34
2018,2010s,93.4,6.16
2018,2010s,57.1,5.46
2018,2010s,144.3,6.67
2018,2010s,120.0,6.73
2018,2010s,83.8,5.26
2018,2010s,120.3,6.62
2018,2010s,105.3,6.22
2018,2010s,43.2,4.85
2018,2010s,21.9,3.2
2018,2010s,82.2,5.64
2018,2010s,90.4,6.3
2018,2010s,135.9,6.64
2018,2010s,29.7,3.41
2018,2010s,30.4,4.73
2018,2010s,84.7,5.41
2018,2010s,56.9,4.93
2018,2010s,14.6,3.09
2018,2010s,79.5,5.75
2018,2010s,15.0,2.92
2018,2010s,29.5,3.73
2018,2010s,165.4,6.62
2018,2010s,235.8,6.31
2018,2010s,24.1,4.26
2018,2010s,46.9,4.49
2018,2010s,61.9,5.34
2018,2010s,228.2,6.59
2018,2010s,41.5,4.22
2018,2010s,42.0,4.21
2018,2010s,191.7,6.16
2018,2010s,45.3,4.45
2018,2010s,103.1,6.06
2018,2010s,19.8,3.68
2018,2010s,52.8,4.38
2018,2010s,17.3,2.92
2018,2010s,27.2,3.36
2018,2010s,112.6,6.89
2018,2010s,57.8,4.68
2019,2010s,47.2,4.78
2019,2010s,34.2,4.36
2019,2010s,50.8,4.68
2019,2010s,75.2,5.05
2019,2010s,125.4,6.13
2019,2010s,8.4,2.88
2019,2010s,32.2,3.48
2019,2010s,67.6,5.45
2019,2010s,55.7,4.95
2019,2010s,81.2,5.83
2019,2010s,73.3,5.65
2019,2010s,47.7,4.28
2019,2010s,40.4,3.96
2019,2010s,49.9,4.94
2019,2010s,142.0,6.46
2019,2010s,34.7,3.08
2019,2010s,57.2,5.19
2019,2010s,68.8,4.98
2019,2010s,193.4,6.87
2019,2010s,47.9,5.1
2019,2010s,123.2,6.58
2019,2010s,151.2,7.04
2019,2010s,57.2,5.02
2019,2010s,51.2,5.3
2019,2010s,46.9,4.2
2019,2010s,49.5,4.67
2019,2010s,113.9,6.64
2019,2010s,71.4,5.36
2019,2010s,71.6,5.83
2019,2010s,25.8,3.45
2019,2010s,29.0,4.49
2019,2010s,299.4,7.45
2019,2010s,52.5,4.89
2019,2010s,33.6,4.18
2019,2010s,175.5,7.12
2019,2010s,74.1,5.09
2019,2010s,92.6,5.52
2019,2010s,54.1,5.29
2019,2010s,47.2,4.68
2019,2010s,52.8,4.72
2019,2010s,21.3,3.36
2019,2010s,56.2,4.09
2019,2010s,74.9,5.46
2019,2010s,240.4,6.44
2019,2010s,64.0,5.52
2019,2010s,10.4,3.06
2019,2010s,55.9,5.12
2019,2010s,468.2,6.84
2019,2010s,114.9,5.9
2019,2010s,32.7,4.15
2019,2010s,93.5,6.22
2019,2010s,34.4,4.46
2019,2010s,21.7,4.12
2019,2010s,46.2,3.95
2019,2010s,64.3,5.07
2019,2010s,14.7,2.72
2019,2010s,25.3,3.64
2019,2010s,60.5,5.08
2019,2010s,44.2,4.38
2019,2010s,80.7,6.04
2019,2010s,24.1,3.12
2019,2010s,102.5,5.83
2019,2010s,24.7,3.18
2019,2010s,205.7,6.58
2019,2010s,16.6,2.66
2019,2010s,26.4,3.62
2019,2010s,82.1,5.66
2019,2010s,209.0,6.43
2019,2010s,76.0,5.86
2019,2010s,91.5,5.93
2019,2010s,60.8,5.46
2019,2010s,27.8,3.63
2019,2010s,41.5,4.34
2019,2010s,24.2,3.32
2019,2010s,23.0,3.45
2019,2010s,81.1,5.94
2019,2010s,25.8,3.46
2019,2010s,76.2,5.75
2019,2010s,22.6,3.14
2019,2010s,74.9,5.79
2019,2010s,41.6,4.15
2019,2010s,172.3,7.0
2019,2010s,76.5,5.59
2019,2010s,151.6,7.23
2019,2010s,34.0,3.61
2019,2010s,62.6,4.63
2019,2010s,28.7,3.54
2019,2010s,44.0,3.97
2019,2010s,49.3,4.18
2019,2010s,34.8,4.26
2019,2010s,24.1,3.51
2019,2010s,20.8,3.16
2019,2010s,10.4,2.57
2019,2010s,27.2,3.46
2019,2010s,96.1,6.63
2019,2010s,18.1,2.92
2019,2010s,21.5,2.9
2019,2010s,229.9,6.98
2019,2010s,37.2,4.08
2019,2010s,76.3,6.28
2019,2010s,97.1,5.89
2019,2010s,98.6,6.41
2019,2010s,19.2,3.61
2019,2010s,50.5,4.53
2019,2010s,17.8,2.9
2019,2010s,375.8,6.96
2019,2010s,18.1,3.38
2019,2010s,27.3,3.19
2019,2010s,27.5,3.29
2019,2010s,19.5,2.37
2019,2010s,165.5,6.91
2019,2010s,369.1,6.61
2019,2010s,42.0,4.31
2019,2010s,22.3,2.82
2019,2010s,11.2,2.37
2019,2010s,50.0,4.53
2019,2010s,47.3,4.35
2019,2010s,36.8,4.18
2019,2010s,70.8,5.61
2019,2010s,80.7,6.48
2019,2010s,76.5,5.56
2019,2010s,47.3,4.98
2019,2010s,26.3,3.33
2019,2010s,98.9,5.53
2019,2010s,60.6,4.96
2019,2010s,116.8,5.91
2019,2010s,108.5,6.31
2019,2010s,20.7,3.05
2019,2010s,20.5,2.63
2019,2010s,34.0,4.62
2019,2010s,27.2,3.48
2019,2010s,105.7,5.68
2019,2010s,78.1,5.93
2019,2010s,136.8,6.42
2019,2010s,80.8,6.07
2019,2010s,70.2,5.13
2019,2010s,147.5,6.5
2019,2010s,85.3,5.92
2019,2010s,63.1,5.37
2019,2010s,182.1,6.97
2019,2010s,65.4,5.21
2019,2010s,47.8,4.79
2019,2010s,32.0,4.17
2019,2010s,101.7,6.24
2019,2010s,151.7,6.65
2019,2010s,57.8,4.48
2019,2010s,160.0,6.91
2019,2010s,13.7,2.93
2019,2010s,57.6,4.83
2019,2010s,58.2,5.45
2019,2010s,34.8,3.55
2019,2010s,358.6,7.28
2019,2010s,57.1,4.95
2019,2010s,44.2,4.57
2019,2010s,61.2,4.96
2019,2010s,13.4,2.31
2019,2010s,33.9,3.96
2019,2010s,125.4,6.72
2019,2010s,37.4,4.4
2019,2010s,32.2,3.85
2019,2010s,160.2,5.93
2019,2010s,163.9,6.16
2019,2010s,88.4,6.6
2019,2010s,42.6,4.01
2019,2010s,50.1,5.2
2019,2010s,32.8,3.63
2019,2010s,28.5,3.67
2019,2010s,27.4,3.9
2019,2010s,37.7,3.89
2019,2010s,27.6,4.25
2019,2010s,18.6,3.23
2019,2010s,70.7,5.57
2019,2010s,71.5,5.33
2019,2010s,214.8,6.93
2019,2010s,36.3,4.67
2019,2010s,74.9,5.48
2019,2010s,75.9,6.16
2019,2010s,49.6,4.47
2019,2010s,104.9,6.5
2019,2010s,107.3,6.45
2019,2010s,76.7,5.2
2019,2010s,49.5,4.75
2019,2010s,45.9,4.53
2019,2010s,21.5,3.07
2019,2010s,32.8,4.08
2019,2010s,37.6,4.23
2019,2010s,25.8,3.57
2019,2010s,83.5,5.73
2019,2010s,147.2,6.66
2019,2010s,30.4,3.7
2019,2010s,74.2,5.56
2019,2010s,27.6,3.47
2019,2010s,47.7,5.54
2019,2010s,35.8,3.6
2019,2010s,94.2,5.81
2019,2010s,36.1,3.93
2019,2010s,128.1,7.34
2019,2010s,49.9,4.23
2019,2010s,36.9,4.29
2019,2010s,23.4,3.56
